THING. · Hangout Prompt Library,,,,,,,,,,,,,,,,,,
Seed library for the first 4 Hangouts. 798 prompts total. Includes original THING. seeds plus Gemini variants. Hot tiers: Flirty / Bold / Spicy / KitKat. KitKat is a locked post-Spicy tier; unlock rule TBD. Adult-only with mutual consent and skip/lower-level controls.,,,,,,,,,,,,,,,,,,
,,,,,,,,,,,,,,,,,,
ID,Hangout,Engine,Round Type,Level,Prompt EN,Prompt ES,Option A EN,Option A ES,Option B EN,Option B ES,Mood,Context,Intensity,Tags,Adult,Reveal Style,Notes,Status
SB-001,Same Brain,same_brain,choice,—,pick the better late-night plan,elige el mejor plan nocturno,drive around with music,dar una vuelta con música,snacks + a movie,snacks + película,dumb,both,1,"night,lifestyle",FALSE,after_both_answer,,Approved
SB-002,Same Brain,same_brain,choice,—,best accidental free afternoon,mejor tarde libre inesperada,go somewhere,salir a algún lado,do absolutely nothing,no hacer absolutamente nada,dumb,both,1,"weekend,lifestyle",FALSE,after_both_answer,,Approved
SB-003,Same Brain,same_brain,choice,—,more elite snack,snack más top,chips,papitas,cookies,galletas,dumb,both,1,food,FALSE,after_both_answer,,Approved
SB-004,Same Brain,same_brain,choice,—,better road-trip role,mejor rol en road trip,DJ,DJ,navigator,navegador,dumb,both,1,travel,FALSE,after_both_answer,,Approved
SB-005,Same Brain,same_brain,choice,—,worse place to get stuck,peor lugar para quedarse atorado,airport,aeropuerto,IKEA,IKEA,dumb,both,1,scenario,FALSE,after_both_answer,,Approved
SB-006,Same Brain,same_brain,choice,—,better rainy-day move,mejor plan para lluvia,go out anyway,salir de todos modos,stay in,quedarse adentro,know_me,both,1,lifestyle,FALSE,after_both_answer,,Approved
SB-007,Same Brain,same_brain,choice,—,more attractive,más atractivo,confidence,seguridad,humor,humor,flirt,both,1,attraction,FALSE,after_both_answer,,Approved
SB-008,Same Brain,same_brain,choice,—,perfect breakfast,desayuno perfecto,sweet,dulce,savory,salado,dumb,both,1,food,FALSE,after_both_answer,,Approved
SB-009,Same Brain,same_brain,choice,—,better city escape,mejor escape de ciudad,mountains,montaña,beach,playa,dumb,both,1,travel,FALSE,after_both_answer,,Approved
SB-010,Same Brain,same_brain,choice,—,better concert seat,mejor lugar en concierto,front row,hasta adelante,far back with space,atrás con espacio,dumb,both,1,music,FALSE,after_both_answer,,Approved
SB-011,Same Brain,same_brain,choice,—,better spontaneous purchase,mejor compra impulsiva,food,comida,something useless but fun,algo inútil pero divertido,dumb,both,1,shopping,FALSE,after_both_answer,,Approved
SB-012,Same Brain,same_brain,choice,—,choose a superpower,elige un superpoder,teleport,teletransportarte,read minds,leer mentes,dumb,both,1,fantasy,FALSE,after_both_answer,,Approved
SB-013,Same Brain,same_brain,choice,—,more dangerous after midnight,más peligroso después de medianoche,online shopping,comprar en línea,ordering food,pedir comida,dumb,both,1,habits,FALSE,after_both_answer,,Approved
SB-014,Same Brain,same_brain,choice,—,better tiny luxury,mejor pequeño lujo,great coffee,café increíble,fresh sheets,sábanas limpias,know_me,both,1,comfort,FALSE,after_both_answer,,Approved
SB-015,Same Brain,same_brain,choice,—,better first stop on a trip,mejor primera parada en un viaje,local food,comida local,famous landmark,lugar famoso,know_me,both,1,travel,FALSE,after_both_answer,,Approved
SB-016,Same Brain,same_brain,choice,—,best way to waste an hour,mejor forma de perder una hora,scroll,scrollear,nap,siesta,dumb,both,1,habits,FALSE,after_both_answer,,Approved
SB-017,Same Brain,same_brain,choice,—,more important in a hotel,más importante en un hotel,great shower,regadera increíble,great bed,cama increíble,know_me,both,1,travel,FALSE,after_both_answer,,Approved
SB-018,Same Brain,same_brain,choice,—,better surprise,mejor sorpresa,planned perfectly,perfectamente planeada,totally random,totalmente espontánea,know_me,both,1,personality,FALSE,after_both_answer,,Approved
SB-019,Same Brain,same_brain,choice,—,better pet energy,mejor energía de mascota,cat,gato,dog,perro,dumb,both,1,pets,FALSE,after_both_answer,,Approved
SB-020,Same Brain,same_brain,choice,—,pick the chaos,elige el caos,karaoke,karaoke,dance floor,pista de baile,dumb,same_place,1,party,FALSE,after_both_answer,,Approved
SB-021,Same Brain,same_brain,choice,—,better date food,mejor comida para una cita,tacos,tacos,sushi,sushi,flirt,both,1,"food,date",FALSE,after_both_answer,,Approved
SB-022,Same Brain,same_brain,choice,—,better apology,mejor disculpa,long message,mensaje largo,show up in person,aparecer en persona,know_me,both,2,communication,FALSE,after_both_answer,,Approved
SB-023,Same Brain,same_brain,choice,—,more romantic,más romántico,sunrise,amanecer,midnight,medianoche,flirt,both,1,romance,FALSE,after_both_answer,,Approved
SB-024,Same Brain,same_brain,choice,—,better comfort movie type,mejor película de comfort,comedy,comedia,animated,animada,dumb,both,1,movies,FALSE,after_both_answer,,Approved
SB-025,Same Brain,same_brain,choice,—,best chaos vacation,mejor viaje caótico,Vegas,Vegas,Tokyo,Tokio,dumb,both,1,travel,FALSE,after_both_answer,,Approved
SB-026,Same Brain,same_brain,choice,—,better tiny gift,mejor detalle pequeño,favorite snack,snack favorito,random flower,flor random,flirt,both,1,gift,FALSE,after_both_answer,,Approved
SB-027,Same Brain,same_brain,choice,—,more important,más importante,good morning text,mensaje de buenos días,good night text,mensaje de buenas noches,flirt,apart,1,texting,FALSE,after_both_answer,,Approved
SB-028,Same Brain,same_brain,choice,—,better photo,mejor foto,perfect pose,pose perfecta,candid laugh,risa espontánea,flirt,both,1,photos,FALSE,after_both_answer,,Approved
SB-029,Same Brain,same_brain,choice,—,pick one forever,elige uno para siempre,music,música,movies,películas,dumb,both,1,media,FALSE,after_both_answer,,Approved
SB-030,Same Brain,same_brain,choice,—,better weekend,mejor fin de semana,packed plans,lleno de planes,zero plans,cero planes,know_me,both,1,weekend,FALSE,after_both_answer,,Approved
SB-031,Same Brain,same_brain,choice,—,worse roommate habit,peor hábito de roomie,dirty dishes,platos sucios,alarm snoozing,posponer alarma,dumb,both,1,habits,FALSE,after_both_answer,,Approved
SB-032,Same Brain,same_brain,choice,—,better midnight food,mejor comida de medianoche,breakfast food,desayuno,street food,comida callejera,dumb,both,1,food,FALSE,after_both_answer,,Approved
SB-033,Same Brain,same_brain,choice,—,better way to celebrate,mejor forma de celebrar,big party,fiesta grande,tiny dinner,cena chiquita,know_me,both,1,celebration,FALSE,after_both_answer,,Approved
SB-034,Same Brain,same_brain,choice,—,better instant mood fix,mejor arreglo instantáneo del humor,music,música,food,comida,know_me,both,1,mood,FALSE,after_both_answer,,Approved
SB-035,Same Brain,same_brain,choice,—,choose the vibe,elige el vibe,neon city,ciudad neón,cabin in woods,cabaña en bosque,dumb,both,1,aesthetic,FALSE,after_both_answer,,Approved
SB-036,Same Brain,same_brain,choice,—,better compliment,mejor cumplido,you're hot,estás guapísimo/a,you make me laugh,me haces reír,flirt,both,1,attraction,FALSE,after_both_answer,,Approved
SB-037,Same Brain,same_brain,choice,—,better message to receive,mejor mensaje para recibir,I miss you,te extraño,I have a plan,tengo un plan,flirt,apart,1,texting,FALSE,after_both_answer,,Approved
SB-038,Same Brain,same_brain,choice,—,better guilty pleasure,mejor gusto culposo,reality TV,reality show,junk food,comida chatarra,dumb,both,1,guilty_pleasure,FALSE,after_both_answer,,Approved
SB-039,Same Brain,same_brain,choice,—,more fun to win,más divertido ganar,trivia,trivia,arcade game,arcade,dumb,same_place,1,competition,FALSE,after_both_answer,,Approved
SB-040,Same Brain,same_brain,choice,—,better morning,mejor mañana,slow coffee,café sin prisa,early adventure,aventura temprano,know_me,both,1,routine,FALSE,after_both_answer,,Approved
SB-041,Same Brain,same_brain,choice,—,better tiny rebellion,mejor mini rebeldía,skip plans,cancelar planes,buy dessert first,pedir postre primero,dumb,both,1,chaos,FALSE,after_both_answer,,Approved
SB-042,Same Brain,same_brain,choice,—,more elite weather,clima más top,cold + sunny,frío y soleado,warm + rainy,cálido y lluvioso,dumb,both,1,weather,FALSE,after_both_answer,,Approved
SB-043,Same Brain,same_brain,choice,—,better souvenir,mejor souvenir,photo,foto,weird object,objeto raro,know_me,both,1,"travel,memory",FALSE,after_both_answer,,Approved
SB-044,Same Brain,same_brain,choice,—,pick the harder thing,elige lo más difícil,say sorry first,pedir perdón primero,say I miss you first,decir te extraño primero,flirt,both,2,communication,FALSE,after_both_answer,,Approved
SB-045,Same Brain,same_brain,choice,—,better attention,mejor atención,remember tiny details,recordar detalles mínimos,show up when needed,estar cuando hace falta,know_me,both,2,care,FALSE,after_both_answer,,Approved
SB-046,Same Brain,same_brain,choice,—,better spontaneous plan,mejor plan espontáneo,night drive,drive nocturno,late dinner,cena tarde,flirt,same_place,1,date,FALSE,after_both_answer,,Approved
SB-047,Same Brain,same_brain,choice,—,better remote hangout,mejor plan a distancia,video call,videollamada,play something together,jugar algo juntos,flirt,apart,1,remote,FALSE,after_both_answer,,Approved
SB-048,Same Brain,same_brain,choice,—,choose a terrible idea,elige una mala idea,text the ex,escribirle al ex,cut your own hair,cortarte el pelo tú,dumb,both,1,chaos,FALSE,after_both_answer,,Approved
SB-049,Same Brain,same_brain,choice,—,better fictional world,mejor mundo ficticio,Harry Potter,Harry Potter,Pokémon,Pokémon,dumb,both,1,fiction,FALSE,after_both_answer,,Approved
SB-050,Same Brain,same_brain,choice,—,better dessert,mejor postre,ice cream,helado,cake,pastel,dumb,both,1,food,FALSE,after_both_answer,,Approved
SB-051,Same Brain,same_brain,choice,—,better social battery recovery,mejor recuperación social,alone time,tiempo solo/a,one favorite person,una persona favorita,know_me,both,1,personality,FALSE,after_both_answer,,Approved
SB-052,Same Brain,same_brain,choice,—,better surprise trip,mejor viaje sorpresa,city,ciudad,nature,naturaleza,know_me,both,1,travel,FALSE,after_both_answer,,Approved
SB-053,Same Brain,same_brain,choice,—,more attractive style,estilo más atractivo,dressed up,arreglado/a,effortless casual,casual sin esfuerzo,flirt,both,1,style,FALSE,after_both_answer,,Approved
SB-054,Same Brain,same_brain,choice,—,better chemistry sign,mejor señal de química,easy silence,silencio cómodo,constant teasing,molestarse jugando,flirt,both,2,chemistry,FALSE,after_both_answer,,Approved
SB-055,Same Brain,same_brain,choice,—,better shared memory,mejor recuerdo compartido,perfect photo,foto perfecta,inside joke,chiste interno,flirt,both,1,memory,FALSE,after_both_answer,,Approved
SB-056,Same Brain,same_brain,choice,—,better chaos animal,animal caótico superior,raccoon,mapache,goose,ganso,dumb,both,1,animals,FALSE,after_both_answer,,Approved
SB-057,Same Brain,same_brain,choice,—,better tiny flex,mejor mini flex,good playlist,buena playlist,good restaurant picks,buenas recomendaciones de comida,dumb,both,1,taste,FALSE,after_both_answer,,Approved
SB-058,Same Brain,same_brain,choice,—,more useful skill,habilidad más útil,cook anything,cocinar cualquier cosa,fix anything,arreglar cualquier cosa,know_me,both,1,skills,FALSE,after_both_answer,,Approved
SB-059,Same Brain,same_brain,choice,—,better late reply excuse,mejor excusa por contestar tarde,I fell asleep,me dormí,I forgot my phone existed,olvidé que existía mi cel,dumb,apart,1,texting,FALSE,after_both_answer,,Approved
SB-060,Same Brain,same_brain,choice,—,better affectionate move,mejor gesto cariñoso,hug from behind,abrazo por atrás,head on shoulder,cabeza en el hombro,flirt,same_place,1,affection,FALSE,after_both_answer,,Approved
SB-061,Same Brain,same_brain,choice,—,more fun first,más divertido primero,museum,museo,bar,bar,dumb,same_place,1,date,FALSE,after_both_answer,,Approved
SB-062,Same Brain,same_brain,choice,—,better mini challenge,mejor mini reto,cook together,cocinar juntos,build something together,armar algo juntos,dumb,same_place,1,activity,FALSE,after_both_answer,,Approved
SB-063,Same Brain,same_brain,choice,—,better unexpected compliment,mejor cumplido inesperado,you smell good,hueles rico,I like how your brain works,me gusta cómo funciona tu cabeza,flirt,both,2,compliment,FALSE,after_both_answer,,Approved
SB-064,Same Brain,same_brain,choice,—,choose your downfall,elige tu perdición,too much coffee,demasiado café,too little sleep,muy poco sueño,dumb,both,1,habits,FALSE,after_both_answer,,Approved
SB-065,Same Brain,same_brain,choice,—,better low-budget date,mejor cita barata,walk + snack,caminar + snack,cook at home,cocinar en casa,flirt,same_place,1,date,FALSE,after_both_answer,,Approved
SB-066,Same Brain,same_brain,choice,—,better remote surprise,mejor sorpresa a distancia,food delivery,mandar comida,playlist,playlist,flirt,apart,1,remote,FALSE,after_both_answer,,Approved
SB-067,Same Brain,same_brain,choice,—,more satisfying,más satisfactorio,cancelled meeting,reunión cancelada,finding money,encontrar dinero,dumb,both,1,life,FALSE,after_both_answer,,Approved
SB-068,Same Brain,same_brain,choice,—,better smell,mejor olor,coffee,café,rain,lluvia,dumb,both,1,sensory,FALSE,after_both_answer,,Approved
SB-069,Same Brain,same_brain,choice,—,better way to say yes,mejor forma de decir que sí,immediately,inmediatamente,pretend to think first,fingir pensarlo,dumb,both,1,behavior,FALSE,after_both_answer,,Approved
SB-070,Same Brain,same_brain,choice,—,better tiny ritual,mejor mini ritual,weekly takeout,comida favorita semanal,shared playlist update,actualizar playlist juntos,know_me,both,1,ritual,FALSE,after_both_answer,,Approved
SB-071,Same Brain,same_brain,choice,—,better random message,mejor mensaje random,meme,meme,voice note,audio,flirt,apart,1,texting,FALSE,after_both_answer,,Approved
SB-072,Same Brain,same_brain,choice,—,better birthday energy,mejor energía de cumpleaños,surprise,sorpresa,tell me the plan,dime el plan,know_me,both,1,celebration,FALSE,after_both_answer,,Approved
SB-073,Same Brain,same_brain,choice,—,better attraction trigger,mejor detonante de atracción,eye contact,contacto visual,voice,voz,flirt,both,2,attraction,FALSE,after_both_answer,,Approved
SB-074,Same Brain,same_brain,choice,—,better comfort,mejor comfort,being held,que te abracen,being left alone,que te dejen en paz,know_me,both,2,comfort,FALSE,after_both_answer,,Approved
SB-075,Same Brain,same_brain,choice,—,better partner-in-crime quality,mejor cualidad de cómplice,says yes fast,dice que sí rápido,has better ideas,tiene mejores ideas,flirt,both,1,chemistry,FALSE,after_both_answer,,Approved
SB-076,Same Brain,same_brain,choice,—,better ending to a good night,mejor final para una buena noche,one more drink,una copa más,go get food,ir por comida,dumb,same_place,1,night,FALSE,after_both_answer,,Approved
SB-077,Same Brain,same_brain,choice,—,more important on a trip,más importante en un viaje,good photos,buenas fotos,good stories,buenas historias,know_me,both,1,travel,FALSE,after_both_answer,,Approved
SB-078,Same Brain,same_brain,choice,—,better tiny adventure,mejor mini aventura,random bus stop,bajarse en un lugar random,drive with no destination,manejar sin destino,dumb,same_place,1,adventure,FALSE,after_both_answer,,Approved
SB-079,Same Brain,same_brain,choice,—,better way to reconnect,mejor forma de reconectar,talk it out,hablarlo,do something fun first,hacer algo divertido primero,know_me,both,2,communication,FALSE,after_both_answer,,Approved
SB-080,Same Brain,same_brain,choice,—,better green flag,mejor green flag,kind to strangers,amable con desconocidos,keeps promises,cumple lo que dice,know_me,both,2,values,FALSE,after_both_answer,,Approved
GU-001,Know Me,guess,prediction,—,what would I pick for a surprise day?,¿qué elegiría para un día sorpresa?,planned itinerary,itinerario planeado,no plan at all,sin plan,know_me,both,1,personality,FALSE,after_both_answer,,Approved
GU-002,Know Me,guess,prediction,—,what gift would mean more to me?,¿qué regalo significaría más para mí?,expensive,caro,ridiculously thoughtful,ridículamente pensado,know_me,both,2,values,FALSE,after_both_answer,,Approved
GU-003,Know Me,guess,prediction,—,what would calm me down faster?,¿qué me calmaría más rápido?,space,espacio,talking,hablar,know_me,both,2,comfort,FALSE,after_both_answer,,Approved
GU-004,Know Me,guess,prediction,—,which would I order first?,¿qué pediría primero?,dessert,postre,another drink,otra bebida,dumb,same_place,1,food,FALSE,after_both_answer,,Approved
GU-005,Know Me,guess,prediction,—,what would I do with a free flight?,¿qué haría con un vuelo gratis?,big city,gran ciudad,somewhere remote,un lugar remoto,know_me,both,1,travel,FALSE,after_both_answer,,Approved
GU-006,Know Me,guess,prediction,—,what ruins my mood faster?,¿qué me arruina el humor más rápido?,being rushed,que me apuren,waiting forever,esperar demasiado,know_me,both,1,habits,FALSE,after_both_answer,,Approved
GU-007,Know Me,guess,prediction,—,what compliment hits me harder?,¿qué cumplido me pega más?,you look amazing,te ves increíble,I'm proud of you,estoy orgulloso/a de ti,flirt,both,2,compliment,FALSE,after_both_answer,,Approved
GU-008,Know Me,guess,prediction,—,what would I rather receive?,¿qué preferiría recibir?,a long text,un mensaje largo,a voice note,un audio,flirt,apart,1,communication,FALSE,after_both_answer,,Approved
GU-009,Know Me,guess,prediction,—,what's more likely to tempt me?,¿qué me tienta más?,late-night food,comida nocturna,online shopping,compras en línea,dumb,both,1,habits,FALSE,after_both_answer,,Approved
GU-010,Know Me,guess,prediction,—,what would I choose on vacation?,¿qué elegiría de vacaciones?,wake up early,levantarme temprano,sleep in,dormir hasta tarde,know_me,both,1,travel,FALSE,after_both_answer,,Approved
GU-011,Know Me,guess,prediction,—,what makes me feel more cared for?,¿qué me hace sentir más cuidado/a?,helping me,que me ayuden,checking in,que me pregunten cómo estoy,know_me,both,2,care,FALSE,after_both_answer,,Approved
GU-012,Know Me,guess,prediction,—,what would I rather be known for?,¿por qué preferiría ser conocido/a?,being funny,ser divertido/a,being smart,ser inteligente,know_me,both,2,identity,FALSE,after_both_answer,,Approved
GU-013,Know Me,guess,prediction,—,what would I hate more?,¿qué odiaría más?,losing my phone,perder mi cel,missing a flight,perder un vuelo,dumb,both,1,scenario,FALSE,after_both_answer,,Approved
GU-014,Know Me,guess,prediction,—,which social plan sounds more like me?,¿qué plan social suena más a mí?,small dinner,cena pequeña,big party,fiesta grande,know_me,both,1,social,FALSE,after_both_answer,,Approved
GU-015,Know Me,guess,prediction,—,what would I save first?,¿qué salvaría primero?,photos,fotos,messages,mensajes,know_me,both,2,memory,FALSE,after_both_answer,,Approved
GU-016,Know Me,guess,prediction,—,what would I pick for a lazy night?,¿qué elegiría para noche floja?,series marathon,maratón de serie,random YouTube,YouTube random,dumb,both,1,media,FALSE,after_both_answer,,Approved
GU-017,Know Me,guess,prediction,—,what would make me more jealous?,¿qué me daría más celos?,flirty texts,mensajes coquetos,too much attention to someone else,demasiada atención a alguien más,flirt,both,3,jealousy,FALSE,after_both_answer,,Approved
GU-018,Know Me,guess,prediction,—,what would I rather hear after a bad day?,¿qué preferiría oír después de un mal día?,want to talk?,¿quieres hablar?,I brought food,traje comida,know_me,both,2,comfort,FALSE,after_both_answer,,Approved
GU-019,Know Me,guess,prediction,—,what would I choose if money didn't matter?,¿qué elegiría si el dinero no importara?,travel constantly,viajar siempre,build the perfect home,hacer la casa perfecta,know_me,both,2,dreams,FALSE,after_both_answer,,Approved
GU-020,Know Me,guess,prediction,—,what would I pick at 2am?,¿qué escogería a las 2am?,keep talking,seguir hablando,go to sleep,irme a dormir,flirt,apart,1,night,FALSE,after_both_answer,,Approved
GU-021,Know Me,guess,prediction,—,what scares me more?,¿qué me asusta más?,failing,fracasar,regretting not trying,arrepentirme de no intentar,know_me,both,3,values,FALSE,after_both_answer,,Approved
GU-022,Know Me,guess,prediction,—,what would I notice first?,¿qué notaría primero?,new haircut,corte nuevo,new shoes,zapatos nuevos,dumb,both,1,attention,FALSE,after_both_answer,,Approved
GU-023,Know Me,guess,prediction,—,what would I spend more on?,¿en qué gastaría más?,food,comida,experiences,experiencias,know_me,both,1,money,FALSE,after_both_answer,,Approved
GU-024,Know Me,guess,prediction,—,what would I pick to reset my brain?,¿qué elegiría para resetear mi cabeza?,walk,caminar,shower,baño,know_me,both,1,routine,FALSE,after_both_answer,,Approved
GU-025,Know Me,guess,prediction,—,what kind of surprise would I like more?,¿qué sorpresa me gustaría más?,romantic,romántica,funny,chistosa,flirt,both,2,surprise,FALSE,after_both_answer,,Approved
GU-026,Know Me,guess,prediction,—,what would I choose at karaoke?,¿qué elegiría en karaoke?,serious song,canción seria,ridiculous song,canción ridícula,dumb,same_place,1,music,FALSE,after_both_answer,,Approved
GU-027,Know Me,guess,prediction,—,what would make me leave a party early?,¿qué me haría irme temprano de una fiesta?,too crowded,demasiada gente,bad music,mala música,dumb,same_place,1,party,FALSE,after_both_answer,,Approved
GU-028,Know Me,guess,prediction,—,what would I rather plan?,¿qué preferiría planear?,trip,viaje,party,fiesta,know_me,both,1,planning,FALSE,after_both_answer,,Approved
GU-029,Know Me,guess,prediction,—,what am I worse at?,¿en qué soy peor?,asking for help,pedir ayuda,saying no,decir que no,know_me,both,2,personality,FALSE,after_both_answer,,Approved
GU-030,Know Me,guess,prediction,—,what would I forgive faster?,¿qué perdonaría más rápido?,being late,llegar tarde,forgetting a date,olvidar una fecha,know_me,both,2,values,FALSE,after_both_answer,,Approved
GU-031,Know Me,guess,prediction,—,what would I pick in a new city?,¿qué elegiría en una ciudad nueva?,famous restaurant,restaurante famoso,weird local place,lugar local raro,know_me,both,1,travel,FALSE,after_both_answer,,Approved
GU-032,Know Me,guess,prediction,—,what would I rather get addicted to?,¿a qué preferiría volverme adicto/a?,coffee,café,gym,gym,dumb,both,1,habits,FALSE,after_both_answer,,Approved
GU-033,Know Me,guess,prediction,—,what would I want after an argument?,¿qué querría después de discutir?,hug,abrazo,time alone,tiempo solo/a,know_me,both,3,conflict,FALSE,after_both_answer,,Approved
GU-034,Know Me,guess,prediction,—,what would I choose for a tiny celebration?,¿qué elegiría para celebrar algo pequeño?,dessert,postre,drinks,tragos,dumb,both,1,celebration,FALSE,after_both_answer,,Approved
GU-035,Know Me,guess,prediction,—,which is more me?,¿qué es más yo?,organized chaos,caos organizado,actual organization,organización real,dumb,both,1,personality,FALSE,after_both_answer,,Approved
GU-036,Know Me,guess,prediction,—,what would I pick as a pet?,¿qué elegiría de mascota?,tiny weird animal,animal raro chiquito,big friendly dog,perro grande y amistoso,dumb,both,1,pets,FALSE,after_both_answer,,Approved
GU-037,Know Me,guess,prediction,—,what would impress me more?,¿qué me impresionaría más?,talent,talento,kindness,amabilidad,know_me,both,2,values,FALSE,after_both_answer,,Approved
GU-038,Know Me,guess,prediction,—,what would I rather lose for a week?,¿qué preferiría perder por una semana?,music,música,social media,redes sociales,dumb,both,1,media,FALSE,after_both_answer,,Approved
GU-039,Know Me,guess,prediction,—,what would I choose for date night?,¿qué elegiría para cita?,dress up,arreglarnos,super casual,súper casual,flirt,both,1,date,FALSE,after_both_answer,,Approved
GU-040,Know Me,guess,prediction,—,what makes me feel closer?,¿qué me hace sentir más cerca?,deep talk,plática profunda,doing something together,hacer algo juntos,know_me,both,2,connection,FALSE,after_both_answer,,Approved
GU-041,Know Me,guess,prediction,—,what would I rather be surprised with?,¿qué preferiría de sorpresa?,food,comida,tickets,boletos,flirt,both,1,surprise,FALSE,after_both_answer,,Approved
GU-042,Know Me,guess,prediction,—,what would I choose if I'm stressed?,¿qué escogería si estoy estresado/a?,fix the problem now,resolverlo ya,ignore it for a while,ignorarlo un rato,know_me,both,2,stress,FALSE,after_both_answer,,Approved
GU-043,Know Me,guess,prediction,—,what would I rather hear from you?,¿qué preferiría escuchar de ti?,I missed you,te extrañé,I thought about you,pensé en ti,flirt,both,2,connection,FALSE,after_both_answer,,Approved
GU-044,Know Me,guess,prediction,—,what would I choose for a random Tuesday?,¿qué elegiría para un martes random?,go out,salir,stay home,quedarme,know_me,both,1,routine,FALSE,after_both_answer,,Approved
GU-045,Know Me,guess,prediction,—,what would I brag about more?,¿de qué presumiría más?,great meal I cooked,comida increíble que cociné,great trip I planned,viaje increíble que planeé,dumb,both,1,pride,FALSE,after_both_answer,,Approved
GU-046,Know Me,guess,prediction,—,what would hurt my feelings more?,¿qué me dolería más?,being ignored,que me ignoren,being misunderstood,que no me entiendan,know_me,both,3,emotions,FALSE,after_both_answer,,Approved
GU-047,Know Me,guess,prediction,—,what would I prefer when sick?,¿qué preferiría cuando estoy enfermo/a?,company,compañía,leave me alone,déjame solo/a,know_me,both,2,care,FALSE,after_both_answer,,Approved
GU-048,Know Me,guess,prediction,—,what would I choose for a first move?,¿qué elegiría como primer movimiento?,text first,mandar mensaje primero,wait,esperar,flirt,both,2,dating,FALSE,after_both_answer,,Approved
GU-049,Know Me,guess,prediction,—,what would I rather share?,¿qué preferiría compartir?,food,comida,hoodie,sudadera,flirt,same_place,1,affection,FALSE,after_both_answer,,Approved
GU-050,Know Me,guess,prediction,—,what would I pick for a keepsake?,¿qué elegiría para recuerdo?,printed photo,foto impresa,random ticket stub,boleto random,know_me,both,1,memory,FALSE,after_both_answer,,Approved
GU-051,Know Me,guess,prediction,—,what would I choose for a bad mood?,¿qué escogería de mal humor?,comfort food,comfort food,loud music,música fuerte,dumb,both,1,mood,FALSE,after_both_answer,,Approved
GU-052,Know Me,guess,prediction,—,what would I rather be early for?,¿para qué preferiría llegar temprano?,flight,vuelo,concert,concierto,dumb,both,1,habits,FALSE,after_both_answer,,Approved
GU-053,Know Me,guess,prediction,—,what would I choose for a tiny adventure?,¿qué elegiría para mini aventura?,new neighborhood,colonia nueva,random road,carretera random,dumb,same_place,1,adventure,FALSE,after_both_answer,,Approved
GU-054,Know Me,guess,prediction,—,what would I rather spend Sunday doing?,¿qué preferiría hacer en domingo?,clean/reset,limpiar/resetear,go out,salir,know_me,both,1,routine,FALSE,after_both_answer,,Approved
GU-055,Know Me,guess,prediction,—,what would I pick if I had one extra hour?,¿qué elegiría con una hora extra?,sleep,dormir,do something fun,hacer algo divertido,know_me,both,1,time,FALSE,after_both_answer,,Approved
GU-056,Know Me,guess,prediction,—,what would I choose for a long call?,¿qué elegiría para una llamada larga?,video,video,audio only,solo audio,flirt,apart,1,remote,FALSE,after_both_answer,,Approved
GU-057,Know Me,guess,prediction,—,what would I care about more in a gift?,¿qué me importaría más de un regalo?,story behind it,historia detrás,how useful it is,qué tan útil es,know_me,both,2,gift,FALSE,after_both_answer,,Approved
GU-058,Know Me,guess,prediction,—,what would I rather be teased about?,¿sobre qué preferiría que me molestaran?,my habits,mis hábitos,my taste,mis gustos,flirt,both,1,teasing,FALSE,after_both_answer,,Approved
GU-059,Know Me,guess,prediction,—,what would I choose for a secret escape?,¿qué elegiría para escapada secreta?,hotel in the city,hotel en la ciudad,cabin far away,cabaña lejos,flirt,both,2,travel,FALSE,after_both_answer,,Approved
GU-060,Know Me,guess,prediction,—,what would I rather have photographed?,¿qué preferiría que fotografiaran?,me looking good,yo viéndome bien,us laughing,nosotros riéndonos,flirt,both,1,photos,FALSE,after_both_answer,,Approved
GU-061,Know Me,guess,prediction,—,what would I choose to learn instantly?,¿qué elegiría aprender al instante?,another language,otro idioma,an instrument,un instrumento,know_me,both,1,skills,FALSE,after_both_answer,,Approved
GU-062,Know Me,guess,prediction,—,what would I rather hear after I mess up?,¿qué preferiría escuchar si la riego?,it's okay,no pasa nada,let's fix it,vamos a arreglarlo,know_me,both,2,support,FALSE,after_both_answer,,Approved
GU-063,Know Me,guess,prediction,—,what would I pick to show affection?,¿qué elegiría para mostrar cariño?,physical touch,contacto físico,doing favors,hacer favores,flirt,both,2,affection,FALSE,after_both_answer,,Approved
GU-064,Know Me,guess,prediction,—,what would I choose as a spontaneous treat?,¿qué elegiría como gustito espontáneo?,nice dinner,cena buena,new gadget,gadget nuevo,dumb,both,1,treat,FALSE,after_both_answer,,Approved
GU-065,Know Me,guess,prediction,—,what would I rather keep private?,¿qué preferiría mantener privado?,my plans,mis planes,my feelings,mis sentimientos,know_me,both,3,privacy,FALSE,after_both_answer,,Approved
GU-066,Know Me,guess,prediction,—,what would I choose for a quiet moment together?,¿qué elegiría para un momento tranquilo juntos?,music on,música,silence,silencio,flirt,same_place,1,connection,FALSE,after_both_answer,,Approved
GU-067,Know Me,guess,prediction,—,what would I rather get right now?,¿qué preferiría recibir ahorita?,hug,abrazo,food,comida,flirt,both,1,care,FALSE,after_both_answer,,Approved
GU-068,Know Me,guess,prediction,—,what would I choose after a long week?,¿qué elegiría después de una semana larga?,go out,salir,hibernate,hibernar,know_me,both,1,weekend,FALSE,after_both_answer,,Approved
GU-069,Know Me,guess,prediction,—,what would I pick for a risky yes?,¿a qué diría sí arriesgado?,last-minute trip,viaje de último minuto,unexpected date,cita inesperada,flirt,both,2,adventure,FALSE,after_both_answer,,Approved
GU-070,Know Me,guess,prediction,—,what would I rather be remembered for by you?,¿por qué preferiría que tú me recordaras?,making you laugh,hacerte reír,being there for you,estar para ti,flirt,both,3,connection,FALSE,after_both_answer,,Approved
GU-071,Know Me,guess,prediction,—,what would I rather hear when we're apart?,¿qué preferiría escuchar cuando estamos lejos?,wish you were here,ojalá estuvieras aquí,can't wait to see you,ya quiero verte,flirt,apart,2,distance,FALSE,after_both_answer,,Approved
GU-072,Know Me,guess,prediction,—,what would I choose for a random photo request?,¿qué elegiría para una foto random?,selfie,selfie,what I'm looking at,lo que estoy viendo,dumb,apart,1,photos,FALSE,after_both_answer,,Approved
GU-073,Know Me,guess,prediction,—,what would I prefer for making up after tension?,¿qué preferiría para arreglarnos después de tensión?,talk first,hablar primero,affection first,cariño primero,know_me,both,3,conflict,FALSE,after_both_answer,,Approved
GU-074,Know Me,guess,prediction,—,what would I choose for a meaningful souvenir?,¿qué elegiría como recuerdo significativo?,something handmade,algo hecho a mano,something from the place,algo del lugar,know_me,both,2,memory,FALSE,after_both_answer,,Approved
GU-075,Know Me,guess,prediction,—,what would I want more often?,¿qué querría más seguido?,random plans,planes random,planned quality time,tiempo planeado juntos,flirt,both,2,connection,FALSE,after_both_answer,,Approved
GU-076,Know Me,guess,prediction,—,what would I rather know?,¿qué preferiría saber?,what you think of me,qué piensas de mí,what you tell others about me,qué les dices de mí a otros,flirt,both,3,curiosity,FALSE,after_both_answer,,Approved
GU-077,Know Me,guess,prediction,—,what would I choose for the perfect ending to a date?,¿qué elegiría para cerrar una cita perfecta?,long goodbye,despedida larga,one more spontaneous stop,una parada espontánea más,flirt,same_place,2,date,FALSE,after_both_answer,,Approved
GU-078,Know Me,guess,prediction,—,what would I rather get from you unexpectedly?,¿qué preferiría recibir inesperadamente de ti?,compliment,cumplido,plan,plan,flirt,both,1,surprise,FALSE,after_both_answer,,Approved
WH-001,This or That,who,vote,—,who would survive longer without their phone?,¿quién aguantaría más sin su celular?,Player A,Jugador A,Player B,Jugador B,dumb,both,1,habits,FALSE,simultaneous_reveal,Both vote A/B independently.,Approved
WH-002,This or That,who,vote,—,who is more likely to start a random trip?,¿quién es más probable que arme un viaje random?,Player A,Jugador A,Player B,Jugador B,dumb,both,1,travel,FALSE,simultaneous_reveal,Both vote A/B independently.,Approved
WH-003,This or That,who,vote,—,who apologizes first?,¿quién pide perdón primero?,Player A,Jugador A,Player B,Jugador B,know_me,both,2,conflict,FALSE,simultaneous_reveal,Both vote A/B independently.,Approved
WH-004,This or That,who,vote,—,who gets hungry first?,¿quién tiene hambre primero?,Player A,Jugador A,Player B,Jugador B,dumb,same_place,1,food,FALSE,simultaneous_reveal,Both vote A/B independently.,Approved
WH-005,This or That,who,vote,—,who would accidentally become famous?,¿quién se volvería famoso/a por accidente?,Player A,Jugador A,Player B,Jugador B,dumb,both,1,scenario,FALSE,simultaneous_reveal,Both vote A/B independently.,Approved
WH-006,This or That,who,vote,—,who is more likely to miss a flight?,¿quién es más probable que pierda un vuelo?,Player A,Jugador A,Player B,Jugador B,dumb,both,1,travel,FALSE,simultaneous_reveal,Both vote A/B independently.,Approved
WH-007,This or That,who,vote,—,who takes longer to reply?,¿quién tarda más en contestar?,Player A,Jugador A,Player B,Jugador B,dumb,apart,1,texting,FALSE,simultaneous_reveal,Both vote A/B independently.,Approved
WH-008,This or That,who,vote,—,who would win an argument with a stranger?,¿quién ganaría una discusión con un desconocido?,Player A,Jugador A,Player B,Jugador B,dumb,both,1,personality,FALSE,simultaneous_reveal,Both vote A/B independently.,Approved
WH-009,This or That,who,vote,—,who is more likely to cry at a movie?,¿quién es más probable que llore en una película?,Player A,Jugador A,Player B,Jugador B,know_me,both,1,emotions,FALSE,simultaneous_reveal,Both vote A/B independently.,Approved
WH-010,This or That,who,vote,—,who would plan the better surprise?,¿quién planearía la mejor sorpresa?,Player A,Jugador A,Player B,Jugador B,flirt,both,1,surprise,FALSE,simultaneous_reveal,Both vote A/B independently.,Approved
WH-011,This or That,who,vote,—,who is more likely to say 'one more drink'?,¿quién es más probable que diga 'una más'?,Player A,Jugador A,Player B,Jugador B,dumb,same_place,1,night,FALSE,simultaneous_reveal,Both vote A/B independently.,Approved
WH-012,This or That,who,vote,—,who would get lost first?,¿quién se perdería primero?,Player A,Jugador A,Player B,Jugador B,dumb,both,1,travel,FALSE,simultaneous_reveal,Both vote A/B independently.,Approved
WH-013,This or That,who,vote,—,who is more stubborn?,¿quién es más terco/a?,Player A,Jugador A,Player B,Jugador B,know_me,both,2,personality,FALSE,simultaneous_reveal,Both vote A/B independently.,Approved
WH-014,This or That,who,vote,—,who notices small details more?,¿quién nota más los detalles pequeños?,Player A,Jugador A,Player B,Jugador B,know_me,both,2,attention,FALSE,simultaneous_reveal,Both vote A/B independently.,Approved
WH-015,This or That,who,vote,—,who is more likely to start dancing randomly?,¿quién empezaría a bailar de la nada?,Player A,Jugador A,Player B,Jugador B,dumb,same_place,1,party,FALSE,simultaneous_reveal,Both vote A/B independently.,Approved
WH-016,This or That,who,vote,—,who would spend more on food?,¿quién gastaría más en comida?,Player A,Jugador A,Player B,Jugador B,dumb,both,1,"money,food",FALSE,simultaneous_reveal,Both vote A/B independently.,Approved
WH-017,This or That,who,vote,—,who is more likely to overpack?,¿quién empaca de más?,Player A,Jugador A,Player B,Jugador B,dumb,both,1,travel,FALSE,simultaneous_reveal,Both vote A/B independently.,Approved
WH-018,This or That,who,vote,—,who is better at keeping secrets?,¿quién guarda mejor secretos?,Player A,Jugador A,Player B,Jugador B,know_me,both,2,trust,FALSE,simultaneous_reveal,Both vote A/B independently.,Approved
WH-019,This or That,who,vote,—,who would survive a zombie apocalypse longer?,¿quién sobreviviría más en un apocalipsis zombie?,Player A,Jugador A,Player B,Jugador B,dumb,both,1,scenario,FALSE,simultaneous_reveal,Both vote A/B independently.,Approved
WH-020,This or That,who,vote,—,who is more likely to send a risky text?,¿quién mandaría un mensaje arriesgado?,Player A,Jugador A,Player B,Jugador B,flirt,apart,2,texting,FALSE,simultaneous_reveal,Both vote A/B independently.,Approved
WH-021,This or That,who,vote,—,who gets jealous faster?,¿quién se pone celoso/a más rápido?,Player A,Jugador A,Player B,Jugador B,flirt,both,3,jealousy,FALSE,simultaneous_reveal,Both vote A/B independently.,Approved
WH-022,This or That,who,vote,—,who is more likely to fall asleep during a movie?,¿quién se duerme más fácil en una película?,Player A,Jugador A,Player B,Jugador B,dumb,both,1,habits,FALSE,simultaneous_reveal,Both vote A/B independently.,Approved
WH-023,This or That,who,vote,—,who would be better on a game show?,¿quién sería mejor en un game show?,Player A,Jugador A,Player B,Jugador B,dumb,both,1,competition,FALSE,simultaneous_reveal,Both vote A/B independently.,Approved
WH-024,This or That,who,vote,—,who is more likely to say yes to a terrible idea?,¿quién diría que sí a una mala idea?,Player A,Jugador A,Player B,Jugador B,dumb,both,1,chaos,FALSE,simultaneous_reveal,Both vote A/B independently.,Approved
WH-025,This or That,who,vote,—,who needs more alone time?,¿quién necesita más tiempo a solas?,Player A,Jugador A,Player B,Jugador B,know_me,both,2,personality,FALSE,simultaneous_reveal,Both vote A/B independently.,Approved
WH-026,This or That,who,vote,—,who remembers dates better?,¿quién recuerda mejor las fechas?,Player A,Jugador A,Player B,Jugador B,know_me,both,1,memory,FALSE,simultaneous_reveal,Both vote A/B independently.,Approved
WH-027,This or That,who,vote,—,who would be the better cook?,¿quién sería mejor cocinando?,Player A,Jugador A,Player B,Jugador B,dumb,same_place,1,skills,FALSE,simultaneous_reveal,Both vote A/B independently.,Approved
WH-028,This or That,who,vote,—,who is more likely to make the first move?,¿quién haría el primer movimiento?,Player A,Jugador A,Player B,Jugador B,flirt,both,2,dating,FALSE,simultaneous_reveal,Both vote A/B independently.,Approved
WH-029,This or That,who,vote,—,who is more competitive?,¿quién es más competitivo/a?,Player A,Jugador A,Player B,Jugador B,dumb,both,1,competition,FALSE,simultaneous_reveal,Both vote A/B independently.,Approved
WH-030,This or That,who,vote,—,who would make friends faster in a new city?,¿quién haría amigos más rápido en una ciudad nueva?,Player A,Jugador A,Player B,Jugador B,know_me,both,1,social,FALSE,simultaneous_reveal,Both vote A/B independently.,Approved
WH-031,This or That,who,vote,—,who would be more likely to get a tattoo on impulse?,¿quién se haría un tatuaje por impulso?,Player A,Jugador A,Player B,Jugador B,dumb,both,1,impulse,FALSE,simultaneous_reveal,Both vote A/B independently.,Approved
WH-032,This or That,who,vote,—,who gives better gifts?,¿quién da mejores regalos?,Player A,Jugador A,Player B,Jugador B,flirt,both,1,gift,FALSE,simultaneous_reveal,Both vote A/B independently.,Approved
WH-033,This or That,who,vote,—,who would be better at surviving on a deserted island?,¿quién sobreviviría mejor en una isla desierta?,Player A,Jugador A,Player B,Jugador B,dumb,both,1,scenario,FALSE,simultaneous_reveal,Both vote A/B independently.,Approved
WH-034,This or That,who,vote,—,who is more likely to start a deep conversation at 2am?,¿quién empezaría una plática profunda a las 2am?,Player A,Jugador A,Player B,Jugador B,flirt,both,2,night,FALSE,simultaneous_reveal,Both vote A/B independently.,Approved
WH-035,This or That,who,vote,—,who gets distracted more easily?,¿quién se distrae más fácil?,Player A,Jugador A,Player B,Jugador B,dumb,both,1,habits,FALSE,simultaneous_reveal,Both vote A/B independently.,Approved
WH-036,This or That,who,vote,—,who would win at poker?,¿quién ganaría en poker?,Player A,Jugador A,Player B,Jugador B,dumb,same_place,1,competition,FALSE,simultaneous_reveal,Both vote A/B independently.,Approved
WH-037,This or That,who,vote,—,who is better at reading people?,¿quién lee mejor a la gente?,Player A,Jugador A,Player B,Jugador B,know_me,both,2,social,FALSE,simultaneous_reveal,Both vote A/B independently.,Approved
WH-038,This or That,who,vote,—,who is more likely to cancel plans?,¿quién cancela planes más fácil?,Player A,Jugador A,Player B,Jugador B,dumb,both,1,plans,FALSE,simultaneous_reveal,Both vote A/B independently.,Approved
WH-039,This or That,who,vote,—,who would be more dangerous with unlimited money?,¿quién sería más peligroso/a con dinero ilimitado?,Player A,Jugador A,Player B,Jugador B,dumb,both,1,money,FALSE,simultaneous_reveal,Both vote A/B independently.,Approved
WH-040,This or That,who,vote,—,who is more likely to say 'I miss you' first?,¿quién diría 'te extraño' primero?,Player A,Jugador A,Player B,Jugador B,flirt,apart,2,connection,FALSE,simultaneous_reveal,Both vote A/B independently.,Approved
WH-041,This or That,who,vote,—,who would make the better playlist?,¿quién haría la mejor playlist?,Player A,Jugador A,Player B,Jugador B,dumb,both,1,music,FALSE,simultaneous_reveal,Both vote A/B independently.,Approved
WH-042,This or That,who,vote,—,who would be more likely to adopt a random animal?,¿quién adoptaría un animal random?,Player A,Jugador A,Player B,Jugador B,dumb,both,1,pets,FALSE,simultaneous_reveal,Both vote A/B independently.,Approved
WH-043,This or That,who,vote,—,who is more likely to get hangry?,¿quién se pone de malas por hambre?,Player A,Jugador A,Player B,Jugador B,dumb,both,1,food,FALSE,simultaneous_reveal,Both vote A/B independently.,Approved
WH-044,This or That,who,vote,—,who would be better at a spontaneous speech?,¿quién sería mejor improvisando un discurso?,Player A,Jugador A,Player B,Jugador B,dumb,both,1,skills,FALSE,simultaneous_reveal,Both vote A/B independently.,Approved
WH-045,This or That,who,vote,—,who is more likely to take the last bite?,¿quién se comería el último bocado?,Player A,Jugador A,Player B,Jugador B,dumb,same_place,1,food,FALSE,simultaneous_reveal,Both vote A/B independently.,Approved
WH-046,This or That,who,vote,—,who is more likely to fall for clickbait?,¿quién caería más fácil en clickbait?,Player A,Jugador A,Player B,Jugador B,dumb,both,1,internet,FALSE,simultaneous_reveal,Both vote A/B independently.,Approved
WH-047,This or That,who,vote,—,who is more likely to become obsessed with a new hobby?,¿quién se obsesionaría más con un hobby nuevo?,Player A,Jugador A,Player B,Jugador B,dumb,both,1,hobbies,FALSE,simultaneous_reveal,Both vote A/B independently.,Approved
WH-048,This or That,who,vote,—,who would be better at planning a date?,¿quién planearía mejor una cita?,Player A,Jugador A,Player B,Jugador B,flirt,both,1,date,FALSE,simultaneous_reveal,Both vote A/B independently.,Approved
WH-049,This or That,who,vote,—,who is more likely to keep a souvenir forever?,¿quién guardaría un recuerdo para siempre?,Player A,Jugador A,Player B,Jugador B,know_me,both,1,memory,FALSE,simultaneous_reveal,Both vote A/B independently.,Approved
WH-050,This or That,who,vote,—,who is more likely to start a pillow fight?,¿quién empezaría una guerra de almohadas?,Player A,Jugador A,Player B,Jugador B,flirt,same_place,1,playful,FALSE,simultaneous_reveal,Both vote A/B independently.,Approved
WH-051,This or That,who,vote,—,who would be more likely to move abroad?,¿quién se iría a vivir a otro país?,Player A,Jugador A,Player B,Jugador B,know_me,both,2,future,FALSE,simultaneous_reveal,Both vote A/B independently.,Approved
WH-052,This or That,who,vote,—,who is more likely to get emotional from a song?,¿quién se pone emocional con una canción?,Player A,Jugador A,Player B,Jugador B,know_me,both,1,music,FALSE,simultaneous_reveal,Both vote A/B independently.,Approved
WH-053,This or That,who,vote,—,who would survive longer in a silent retreat?,¿quién duraría más en un retiro de silencio?,Player A,Jugador A,Player B,Jugador B,dumb,both,1,scenario,FALSE,simultaneous_reveal,Both vote A/B independently.,Approved
WH-054,This or That,who,vote,—,who is more likely to check the menu before going?,¿quién revisa el menú antes de ir?,Player A,Jugador A,Player B,Jugador B,dumb,both,1,food,FALSE,simultaneous_reveal,Both vote A/B independently.,Approved
WH-055,This or That,who,vote,—,who is more likely to change plans last minute?,¿quién cambia planes a última hora?,Player A,Jugador A,Player B,Jugador B,dumb,both,1,plans,FALSE,simultaneous_reveal,Both vote A/B independently.,Approved
WH-056,This or That,who,vote,—,who gives better advice?,¿quién da mejores consejos?,Player A,Jugador A,Player B,Jugador B,know_me,both,2,support,FALSE,simultaneous_reveal,Both vote A/B independently.,Approved
WH-057,This or That,who,vote,—,who would be more likely to send a 3-minute voice note?,¿quién mandaría un audio de 3 minutos?,Player A,Jugador A,Player B,Jugador B,dumb,apart,1,texting,FALSE,simultaneous_reveal,Both vote A/B independently.,Approved
WH-058,This or That,who,vote,—,who would be more likely to steal the blanket?,¿quién se robaría la cobija?,Player A,Jugador A,Player B,Jugador B,flirt,same_place,1,sleep,FALSE,simultaneous_reveal,Both vote A/B independently.,Approved
WH-059,This or That,who,vote,—,who is more likely to want one more photo?,¿quién querría una foto más?,Player A,Jugador A,Player B,Jugador B,dumb,both,1,photos,FALSE,simultaneous_reveal,Both vote A/B independently.,Approved
WH-060,This or That,who,vote,—,who would be more likely to plan a surprise weekend?,¿quién planearía un fin sorpresa?,Player A,Jugador A,Player B,Jugador B,flirt,both,2,surprise,FALSE,simultaneous_reveal,Both vote A/B independently.,Approved
WH-061,This or That,who,vote,—,who is more likely to overthink a text?,¿quién sobrepiensa más un mensaje?,Player A,Jugador A,Player B,Jugador B,flirt,apart,2,texting,FALSE,simultaneous_reveal,Both vote A/B independently.,Approved
WH-062,This or That,who,vote,—,who would make the better fake alibi?,¿quién inventaría la mejor coartada falsa?,Player A,Jugador A,Player B,Jugador B,dumb,both,1,chaos,FALSE,simultaneous_reveal,Both vote A/B independently.,Approved
WH-063,This or That,who,vote,—,who is more likely to get a matching tattoo idea first?,¿quién propondría primero un tatuaje combinado?,Player A,Jugador A,Player B,Jugador B,flirt,both,2,commitment,FALSE,simultaneous_reveal,Both vote A/B independently.,Approved
WH-064,This or That,who,vote,—,who would be better at cheering the other up?,¿quién sería mejor levantándole el ánimo al otro?,Player A,Jugador A,Player B,Jugador B,know_me,both,2,care,FALSE,simultaneous_reveal,Both vote A/B independently.,Approved
WH-065,This or That,who,vote,—,who is more likely to remember exactly what the other ordered?,¿quién recordaría exactamente qué pidió el otro?,Player A,Jugador A,Player B,Jugador B,know_me,both,1,attention,FALSE,simultaneous_reveal,Both vote A/B independently.,Approved
WH-066,This or That,who,vote,—,who would be more likely to stay up talking until sunrise?,¿quién se quedaría hablando hasta el amanecer?,Player A,Jugador A,Player B,Jugador B,flirt,both,2,night,FALSE,simultaneous_reveal,Both vote A/B independently.,Approved
WH-067,This or That,who,vote,—,who is more likely to turn a normal day into an adventure?,¿quién convierte un día normal en aventura?,Player A,Jugador A,Player B,Jugador B,flirt,both,1,adventure,FALSE,simultaneous_reveal,Both vote A/B independently.,Approved
WH-068,This or That,who,vote,—,who would be more likely to say 'let's just go'?,¿quién diría 'vámonos ya'?,Player A,Jugador A,Player B,Jugador B,dumb,both,1,impulse,FALSE,simultaneous_reveal,Both vote A/B independently.,Approved
WH-069,This or That,who,vote,—,who is more likely to plan something secretly sweet?,¿quién planearía algo secretamente tierno?,Player A,Jugador A,Player B,Jugador B,flirt,both,2,care,FALSE,simultaneous_reveal,Both vote A/B independently.,Approved
WH-070,This or That,who,vote,—,who is more likely to make the other laugh during a serious moment?,¿quién haría reír al otro en un momento serio?,Player A,Jugador A,Player B,Jugador B,flirt,both,1,humor,FALSE,simultaneous_reveal,Both vote A/B independently.,Approved
HT-B-001,Hot,hot,choice,Bold,which is more exciting?,¿qué es más emocionante?,being kissed first,que te besen primero,making the first move,dar el primer paso,flirt,both,2,kissing,TRUE,after_both_answer,18+ mode; mutual consent gate; skip always available.,Approved
HT-B-002,Hot,hot,choice,Bold,what would you rather know?,¿qué preferirías saber?,what they find hottest about you,qué les parece más hot de ti,when they first wanted to kiss you,cuándo quisieron besarte por primera vez,flirt,both,2,attraction,TRUE,after_both_answer,18+ mode; mutual consent gate; skip always available.,Approved
HT-B-003,Hot,hot,choice,Bold,what sounds better?,¿qué suena mejor?,slow kiss,beso lento,can't-wait kiss,beso de no aguantar más,flirt,same_place,2,kissing,TRUE,after_both_answer,18+ mode; mutual consent gate; skip always available.,Approved
HT-B-004,Hot,hot,choice,Bold,what kind of touch gets your attention?,¿qué tipo de toque capta tu atención?,hand on waist,mano en la cintura,hand on neck,mano en el cuello,flirt,same_place,2,touch,TRUE,after_both_answer,18+ mode; mutual consent gate; skip always available.,Approved
HT-B-005,Hot,hot,choice,Bold,what's hotter in the moment?,¿qué es más hot en el momento?,someone taking the lead,que alguien tome la iniciativa,both trying to lead,que ambos quieran mandar,flirt,both,2,dynamic,TRUE,after_both_answer,18+ mode; mutual consent gate; skip always available.,Approved
HT-B-006,Hot,hot,choice,Bold,what would you rather be told?,¿qué preferirías que te dijeran?,you look insanely good,te ves demasiado bien,I want you closer,te quiero más cerca,flirt,both,2,desire,TRUE,after_both_answer,18+ mode; mutual consent gate; skip always available.,Approved
HT-B-007,Hot,hot,choice,Bold,what's a stronger signal?,¿qué es una señal más fuerte?,pulling you closer,jalarte más cerca,asking before the next move,preguntar antes del siguiente paso,flirt,same_place,2,"consent,chemistry",TRUE,after_both_answer,18+ mode; mutual consent gate; skip always available.,Approved
HT-B-008,Hot,hot,choice,Bold,which feels more intense?,¿qué se siente más intenso?,long kiss,beso largo,short kiss + eye contact,beso corto + mirada,flirt,same_place,2,kissing,TRUE,after_both_answer,18+ mode; mutual consent gate; skip always available.,Approved
HT-B-009,Hot,hot,choice,Bold,what would make you more nervous?,¿qué te pondría más nervioso/a?,them saying 'come here',que te digan 'ven',them asking 'can I kiss you?',que te pregunten '¿te puedo besar?',flirt,same_place,2,chemistry,TRUE,after_both_answer,18+ mode; mutual consent gate; skip always available.,Approved
HT-B-010,Hot,hot,choice,Bold,what sounds more intimate?,¿qué suena más íntimo?,showering together,bañarse juntos,falling asleep together,quedarse dormidos juntos,flirt,same_place,2,intimacy,TRUE,after_both_answer,18+ mode; mutual consent gate; skip always available.,Approved
HT-B-011,Hot,hot,choice,Bold,which is hotter?,¿qué es más hot?,slow build-up,subir poco a poco,instant chemistry,química instantánea,flirt,both,2,chemistry,TRUE,after_both_answer,18+ mode; mutual consent gate; skip always available.,Approved
HT-B-012,Hot,hot,choice,Bold,what would you rather send?,¿qué preferirías mandar?,a suggestive selfie,una selfie sugerente,a flirty voice note,un audio coqueto,flirt,apart,2,remote,TRUE,after_both_answer,18+ mode; mutual consent gate; skip always available.,Approved
HT-B-013,Hot,hot,choice,Bold,what's more exciting to hear?,¿qué emociona más escuchar?,I have an idea,tengo una idea,tell me what you want,dime qué quieres,flirt,both,2,communication,TRUE,after_both_answer,18+ mode; mutual consent gate; skip always available.,Approved
HT-B-014,Hot,hot,choice,Bold,what kind of kiss sounds better?,¿qué tipo de beso suena mejor?,against a wall,contra una pared,lying down,acostados,flirt,same_place,2,kissing,TRUE,after_both_answer,18+ mode; mutual consent gate; skip always available.,Approved
HT-B-015,Hot,hot,choice,Bold,which feels more intimate?,¿qué se siente más íntimo?,someone tracing your back,que te recorran la espalda,someone playing with your hair,que jueguen con tu pelo,flirt,same_place,2,touch,TRUE,after_both_answer,18+ mode; mutual consent gate; skip always available.,Approved
HT-B-016,Hot,hot,choice,Bold,what's more attractive in intimacy?,¿qué es más atractivo en intimidad?,confidence,seguridad,checking in,preguntar cómo vas,flirt,both,2,consent,TRUE,after_both_answer,18+ mode; mutual consent gate; skip always available.,Approved
HT-B-017,Hot,hot,choice,Bold,which would you rather initiate?,¿qué preferirías iniciar?,a kiss,un beso,cuddling closer,acercarte para abrazar,flirt,same_place,2,affection,TRUE,after_both_answer,18+ mode; mutual consent gate; skip always available.,Approved
HT-B-018,Hot,hot,choice,Bold,what would you rather reveal?,¿qué preferirías revelar?,your biggest turn-on,lo que más te prende,your favorite kind of kiss,tu tipo de beso favorito,flirt,both,2,preferences,TRUE,after_both_answer,18+ mode; mutual consent gate; skip always available.,Approved
HT-B-019,Hot,hot,choice,Bold,what is more exciting?,¿qué es más emocionante?,being surprised,que te sorprendan,knowing what's coming,saber qué va a pasar,flirt,both,2,dynamic,TRUE,after_both_answer,18+ mode; mutual consent gate; skip always available.,Approved
HT-B-020,Hot,hot,choice,Bold,which pace sounds better?,¿qué ritmo suena mejor?,slow and teasing,lento y provocador,direct and intense,directo e intenso,flirt,both,2,pace,TRUE,after_both_answer,18+ mode; mutual consent gate; skip always available.,Approved
HT-B-021,Hot,hot,choice,Bold,what would you rather ask?,¿qué preferirías preguntar?,what do you want?,¿qué quieres?,can I keep going?,¿puedo seguir?,flirt,both,2,consent,TRUE,after_both_answer,18+ mode; mutual consent gate; skip always available.,Approved
HT-B-022,Hot,hot,choice,Bold,what feels more intimate after?,¿qué se siente más íntimo después?,talking,platicar,quiet cuddling,abrazarse en silencio,flirt,same_place,2,aftercare,TRUE,after_both_answer,18+ mode; mutual consent gate; skip always available.,Approved
HT-B-023,Hot,hot,choice,Bold,what's hotter from a distance?,¿qué es más hot a distancia?,a teasing message,un mensaje provocador,a suggestive voice note,un audio sugerente,flirt,apart,2,remote,TRUE,after_both_answer,18+ mode; mutual consent gate; skip always available.,Approved
HT-B-024,Hot,hot,choice,Bold,what would you rather hear whispered?,¿qué preferirías que te susurraran?,you drive me crazy,me vuelves loco/a,don't move,no te muevas,flirt,same_place,2,chemistry,TRUE,after_both_answer,18+ mode; mutual consent gate; skip always available.,Approved
HT-B-025,Hot,hot,choice,Bold,which is a bigger turn-on?,¿qué prende más?,being desired,sentirte deseado/a,being understood,sentirte entendido/a,flirt,both,2,desire,TRUE,after_both_answer,18+ mode; mutual consent gate; skip always available.,Approved
HT-B-026,Hot,hot,choice,Bold,Challenge: Give me a 10-second kiss anywhere EXCEPT my lips.,Reto: Dame un beso de 10 segundos en cualquier lugar MENOS en los labios.,Accept challenge,Aceptar reto,Pay a penalty instead,Pagar penitencia,flirty,same_place,2,kisses;initiative,TRUE,after_both_answer,Non-lip kiss challenge | Source: Gemini,Approved
HT-B-027,Hot,guess,prediction,Bold,What is my exact stance on subtle public displays of affection when nobody is directly looking?,¿Cuál es mi postura sobre demostraciones de afecto discretas si nadie nos ve?,100% bold and sudden,100% atrevido/a y de golpe,Discreet and subtle touch,Contacto discreto y sutil,clever,both,2,pda;boldness,TRUE,after_both_answer,PDA stance guess | Source: Gemini,Approved
HT-B-028,Hot,hot,choice,Bold,Truth: What is one song that instantly puts you in the mood to leave the party early together?,Verdad: ¿Qué canción te pone de humor para irnos temprano de una fiesta?,Name song out loud,Nombrar canción,Keep it confidential,Guardar en privado,cinematic,both,2,music;desire,TRUE,after_both_answer,Exit party song truth | Source: Gemini,Approved
HT-B-029,Hot,hot,choice,Bold,Challenge: Give 3 exact instructions on how you want to be kissed in the next 5 minutes.,Reto: Dame 3 instrucciones exactas de cómo quieres que te bese en los próximos 5 min.,Give 3 instructions,Dar 3 instrucciones,Pass turn,Pasar turno,flirty,same_place,2,communication;kisses,TRUE,after_both_answer,Kiss instructions challenge | Source: Gemini,Approved
HT-B-030,Hot,guess,prediction,Bold,"If I had to pick my single most sensitive touch zone today, what is it?","¿Si tuviera que elegir mi zona más sensible al tacto hoy, cuál es?",Neck and collarbone,Cuello y clavícula,Lower back and waist,Espalda baja y cintura,warm,both,2,touch;sensitivity,TRUE,after_both_answer,Sensitive spot guess | Source: Gemini,Approved
HT-B-031,Hot,hot,choice,Bold,Truth: Confess one location outside the bedroom where you'd love to share an intense kiss.,Verdad: Confiesa un lugar fuera de la recámara donde te gustaría un beso intenso.,Confess location,Confesar lugar,Keep private,Guardar en secreto,flirty,both,2,desire;location,TRUE,after_both_answer,Kiss location truth | Source: Gemini,Approved
HT-B-032,Hot,guess,prediction,Bold,Which pace do I prefer when physical tension starts building up?,¿Qué ritmo prefiero cuando empieza a crecer la tensión física?,Slow teasing build-up,Construcción lenta que alarga,Fast spontaneous passion,Pasión rápida y espontánea,cinematic,both,2,intimacy;pace,TRUE,after_both_answer,Build-up pace guess | Source: Gemini,Approved
HT-B-033,Hot,hot,choice,Bold,"Mini Challenge: Remove one minor accessory/item from me (ring, watch, jacket) using one hand.","Mini Reto: Quítame un accesorio o prenda ligera (anillo, reloj, saco) usando una mano.",Take challenge,Aceptar reto,Pass,Pasar,flirty,same_place,2,touch;skill,TRUE,after_both_answer,One hand removal challenge | Source: Gemini,Approved
HT-B-034,Hot,guess,prediction,Bold,What non-verbal signal from me best indicates that I want you closer?,¿Qué señal no verbal mía indica mejor que quiero que te acerques?,A direct prolonged gaze,Una mirada directa y fija,Pulling you softly by the waist,Jalarte suavemente de la cintura,warm,both,2,signals;boldness,TRUE,after_both_answer,Non-verbal signal guess | Source: Gemini,Approved
HT-B-035,Hot,hot,choice,Bold,Truth: What physical move or gesture from me instantly accelerates your pulse?,Verdad: ¿Qué movimiento o gesto físico mío te acelera el pulso al instante?,Share truth,Contar la verdad,Text confidentially,Mandar por texto,flirty,both,2,triggers;pulse,TRUE,after_both_answer,Pulse trigger truth | Source: Gemini,Approved
HT-B-036,Hot,guess,prediction,Bold,What is my ideal aftercare vibe after an intense emotional or physical moment?,¿Cuál es mi vibra ideal para descansar tras un momento muy intenso?,Wrapped up talking for hours,Abrazados platicando horas,Quiet cuddles in total silence,Acurrucados en silencio total,warm,both,2,aftercare;comfort,TRUE,after_both_answer,Aftercare vibe guess | Source: Gemini,Approved
HT-B-037,Hot,hot,choice,Bold,Challenge: Guide my hand directly to your favorite spot on your body for gentle touching.,Reto: Guía mi mano hacia tu lugar favorito del cuerpo para recibir caricias.,Accept challenge,Aceptar reto,Pass turn,Pasar turno,flirty,same_place,2,touch;guidance,TRUE,after_both_answer,Guided touch challenge | Source: Gemini,Approved
HT-B-038,Hot,guess,prediction,Bold,Which type of kiss disarms my composure most completely?,¿Qué tipo de beso me desarma la compostura por completo?,A deep slow lingering kiss,Un beso profundo y lento,A kiss with a gentle lip bite,Un beso con un muelleo suave en labio,flirty,both,2,kisses;composure,TRUE,after_both_answer,Disarming kiss guess | Source: Gemini,Approved
HT-B-039,Hot,hot,choice,Bold,Would you rather receive explicit verbal cues or completely physical non-verbal signals?,¿Prefieres recibir indicaciones habladas explícitas o gestos 100% físicos?,Explicit verbal cues,Indicaciones habladas,Physical signals,Gestos físicos,warm,both,2,communication;style,TRUE,after_both_answer,Signal style choice | Source: Gemini,Approved
HT-B-040,Hot,guess,prediction,Bold,What is my level of patience when it comes to teasing before acting?,¿Qué tanta paciencia tengo para alargar las ganas antes de actuar?,I love teasing for hours,Me encanta alargar la tensión horas,I prefer getting right to it,Prefiero ir al grano pronto,clever,both,2,teasing;patience,TRUE,after_both_answer,Teasing patience guess | Source: Gemini,Approved
HT-B-041,Hot,hot,choice,Bold,Mini Challenge: Place a 5-second kiss on my collarbone or inner wrist.,Mini Reto: Da un beso de 5 segundos en mi clavícula o parte interna de la muñeca.,Collarbone kiss,Beso en clavícula,Wrist kiss,Beso en muñeca,flirty,same_place,2,kisses;targeted,TRUE,after_both_answer,Targeted kiss prompt | Source: Gemini,Approved
HT-B-042,Hot,guess,prediction,Bold,What turns me on more: eye contact in dim lighting or whispered words in the dark?,¿Qué me atrae más: contacto visual a media luz o palabras al oído en penumbra?,Eye contact in dim light,Contacto visual a media luz,Whispered words in dark,Palabras al oído a oscuras,cinematic,both,2,senses;desire,TRUE,after_both_answer,Dim light preference guess | Source: Gemini,Approved
HT-B-043,Hot,hot,choice,Bold,Truth: Describe in three words what you want to do next if we were completely alone.,Verdad: Describe en 3 palabras qué te gustaría hacer a continuación si estuviéramos solos.,Say 3 words,Decir 3 palabras,Pass turn,Pasar turno,flirty,both,2,desire;spontaneous,TRUE,after_both_answer,3 word desire truth | Source: Gemini,Approved
HT-B-044,Hot,guess,prediction,Bold,Which lighting setting fits my preferences when things get intimate?,¿Qué tipo de luz va mejor con mis preferencias cuando las cosas se ponen íntimas?,Dim warm golden lighting,Luz cálida y tenue,Pitch black darkness,Oscuridad total,warm,both,2,setting;lighting,TRUE,after_both_answer,Intimate lighting guess | Source: Gemini,Approved
HT-B-045,Hot,hot,choice,Bold,Challenge: Rest your hands firmly on my waist for 15 seconds without kissing me.,Reto: Sostén mi cintura con firmeza durante 15 segundos sin besarme.,Do challenge,Aceptar reto,Pass,Pasar,flirty,same_place,2,touch;control,TRUE,after_both_answer,Waist hold challenge | Source: Gemini,Approved
HT-B-046,Hot,guess,prediction,Bold,What touch sensation do I crave when feeling stressed or overwhelmed?,¿Qué tipo de contacto busco cuando me siento estresado/a?,Firm deep pressure hold,Sujeción firme y constante,Light feather-like gentle strokes,Caricias ligeras e incandescentes,warm,both,2,touch;stress,TRUE,after_both_answer,Stress touch style guess | Source: Gemini,Approved
HT-B-047,Hot,hot,choice,Bold,Truth: What is one subtle thing I do that makes you want to lean in immediately?,Verdad: ¿Qué detalle sutil hago que te da ganas de acercarte de inmediato?,Share detail,Contar detalle,Skip prompt,Saltar prompt,cute,both,2,attraction;detail,TRUE,after_both_answer,Subtle attraction truth | Source: Gemini,Approved
HT-B-048,Hot,guess,prediction,Bold,Where is my favorite spot to be touched while receiving a long hug?,¿Cuál es mi lugar favorito para recibir caricias mientras nos abrazamos?,Back of the head / neck,Nuca / Cabello,Lower back / hips,Espalda baja / Caderas,warm,both,2,touch;hugs,TRUE,after_both_answer,Hug touch spot guess | Source: Gemini,Approved
HT-B-049,Hot,hot,choice,Bold,Challenge: Whispered confession of one physical feature you admire most about my body.,Reto: Susúrrame algo que admires de mi cuerpo.,Whisper now,Susurrar ahora,Pass turn,Pasar turno,flirty,same_place,2,compliments;body,TRUE,after_both_answer,Body feature whisper | Source: Gemini,Approved
HT-B-050,Hot,guess,prediction,Bold,What makes me lose my composure fastest during a kiss?,¿Qué me hace perder la compostura más rápido durante un beso?,A gentle soft lip bite,Un muelleo suave en el labio,A sudden firm pull closer,Un jalón firme hacia ti,cinematic,both,2,kisses;composure,TRUE,after_both_answer,Composure loss guess | Source: Gemini,Approved
HT-B-051,Hot,hot,choice,Bold,Would you rather explore an unfamiliar location together or stick to a familiar safe spot?,¿Prefieres explorar un lugar nuevo juntos o ir a un espacio seguro y conocido?,Unfamiliar location,Lugar nuevo,Familiar safe spot,Espacio conocido,warm,both,2,location;adventure,TRUE,after_both_answer,Location preference choice | Source: Gemini,Approved
HT-B-052,Hot,guess,prediction,Bold,What dynamic do I enjoy most in intense physical moments?,¿Qué dinámica disfruto más en momentos de mucha intensidad?,Taking charge with confidence,Tomar las riendas con seguridad,Matching energy step-by-step,Ir coordinando energía a la par,cinematic,both,2,dynamic;intimacy,TRUE,after_both_answer,Intense dynamic guess | Source: Gemini,Approved
HT-B-053,Hot,hot,choice,Bold,Mini Challenge: Trace the outline of my lips with your thumb without kissing me.,Mini Reto: Dibuja el contorno de mis labios con tu pulgar sin besarme.,Accept challenge,Aceptar reto,Pass,Pasar,flirty,same_place,2,touch;teasing,TRUE,after_both_answer,Lip trace challenge | Source: Gemini,Approved
HT-B-054,Hot,guess,prediction,Bold,How do I show that I am completely focused on you during an intimate moment?,¿Cómo demuestro que estoy 100% enfocado/a en ti en un momento íntimo?,Unbroken intense eye contact,Mirada fija constante,Continuous physical touch,Contacto físico ininterrumpido,warm,both,2,focus;connection,TRUE,after_both_answer,Focus style guess | Source: Gemini,Approved
HT-B-055,Hot,hot,choice,Bold,Truth: What is one personal preference or boundary you recently realized about yourself?,Verdad: ¿Qué preferencia o límite personal descubriste sobre ti hace poco?,Share truth,Compartir verdad,Pass,Pasar,clever,both,2,boundaries;self-awareness,TRUE,after_both_answer,Self discovery truth | Source: Gemini,Approved
HT-B-056,Hot,guess,prediction,Bold,What tone of voice influences my physical mood most?,¿Qué tono de voz influye más en mi estado físico?,Low deep calm tone,Tono grave y pausado,Breathy playful whisper,Susurro suave y risueño,cinematic,both,2,voice;senses,TRUE,after_both_answer,Voice tone influence guess | Source: Gemini,Approved
HT-B-057,Hot,hot,choice,Bold,Challenge: Give a slow kiss on the inner wrist for 5 seconds.,Reto: Da un beso lento de 5 segundos en la parte interna de mi muñeca.,Accept challenge,Aceptar reto,Pass,Pasar,flirty,same_place,2,kisses;touch,TRUE,after_both_answer,Inner wrist kiss | Source: Gemini,Approved
HT-B-058,Hot,guess,prediction,Bold,How do I prefer to transition from conversation into physical closeness?,¿Cómo prefiero pasar de la plática a la cercanía física?,Gradual step-by-step increases,Aumento gradual de caricias,A decisive clear movement,Un movimiento claro y decidido,clever,both,2,transition;pace,TRUE,after_both_answer,Transition pace guess | Source: Gemini,Approved
HT-B-059,Hot,hot,choice,Bold,Truth: Describe your ideal morning-after scenario in two sentences.,Verdad: Describe en dos oraciones tu mañana siguiente perfecta juntos.,Describe scenario,Describir escenario,Pass,Pasar,warm,both,2,morning;scenario,TRUE,after_both_answer,Morning scenario truth | Source: Gemini,Approved
HT-B-060,Hot,guess,prediction,Bold,Which touch sensation do I find most intoxicating?,¿Qué sensación al tacto me parece más envolvente?,Fingertips lightly tracing skin,Yemas rozando la piel suavemente,Firm warm palms holding tight,Manos firmes sujetando con fuerza,cinematic,both,2,touch;sensation,TRUE,after_both_answer,Intoxicating touch guess | Source: Gemini,Approved
HT-B-061,Hot,hot,choice,Bold,Challenge: Hold hands and lock fingers tightly for 30 seconds uninterrupted.,Reto: Entrelacen sus dedos con fuerza durante 30 segundos seguidos.,Accept challenge,Aceptar reto,Pass,Pasar,warm,same_place,2,touch;closeness,TRUE,after_both_answer,Interlocked hand hold | Source: Gemini,Approved
HT-B-062,Hot,guess,prediction,Bold,What is my current readiness for trying something unexpected tonight?,¿Cuál es mi nivel de disposición para probar algo inesperado hoy?,High and adventurous,Alto y aventurero/a,Cozy and familiar,Cómodo y conocido,flirty,both,2,readiness;boldness,TRUE,after_both_answer,Readiness rating guess | Source: Gemini,Approved
HT-B-063,Hot,hot,choice,Bold,Mini Challenge: Place your palm over my heart for 10 seconds and feel my pulse.,Mini Reto: Pon tu palma sobre mi pecho 10 segundos y siente mi pulso.,Accept challenge,Aceptar reto,Pass,Pasar,warm,same_place,2,touch;pulse,TRUE,after_both_answer,Heart pulse challenge | Source: Gemini,Approved
HT-B-064,Hot,guess,prediction,Bold,What type of physical reaction shows that I am genuinely enjoying a moment?,¿Qué reacción física demuestra que estoy disfrutando un momento?,A sudden deep breath,Una respiración profunda,Holding onto you tighter,Sujetarte con más fuerza,cinematic,both,2,reactions;enjoyment,TRUE,after_both_answer,Physical reaction guess | Source: Gemini,Approved
HT-B-065,Hot,hot,choice,Bold,Truth: Name one physical attribute of mine that catches your eye every single time.,Verdad: Nombra un atributo físico mío que te llame la atención siempre.,Name attribute,Nombrar atributo,Keep private,Guardar en secreto,flirty,both,2,compliments;attraction,TRUE,after_both_answer,Attribute truth prompt | Source: Gemini,Approved
HT-B-066,Hot,guess,prediction,Bold,What kind of environment makes me feel most physically relaxed?,¿Qué ambiente me hace sentir más relajado/a en lo físico?,A warm room with heavy blankets,Cuarto tibio con cobijas pesadas,Cool air with dim mood lighting,Aire fresco y luz tenue,warm,both,2,environment;comfort,TRUE,after_both_answer,Relaxed environment guess | Source: Gemini,Approved
HT-B-067,Hot,hot,choice,Bold,Challenge: Whispered confession of one secret fantasy you'd be open to exploring.,Reto: Susúrrame una fantasía que estarías dispuesto/a a probar.,Whisper fantasy,Susurrar fantasía,Pass and take penalty,Pasar y pagar penitencia,flirty,same_place,2,whisper;fantasies,TRUE,after_both_answer,Fantasy whisper challenge | Source: Gemini,Approved
HT-B-068,Hot,guess,prediction,Bold,How do I prefer to react if a kiss gets interrupted by something silly?,¿Cómo reacciono si un beso se interrumpe por algo tonto?,Laugh it off and restart,Me río y lo retomo,Use it to build more tension,Lo uso para generar más tensión,playful,both,2,reactions;kisses,TRUE,after_both_answer,Interrupted kiss guess | Source: Gemini,Approved
HT-B-069,Hot,hot,choice,Bold,Mini Challenge: Give a gentle 5-second shoulder press while looking into my eyes.,Mini Reto: Aprieta suavemente mis hombros 5 segundos viéndome a los ojos.,Do challenge,Hacer reto,Pass,Pasar,warm,same_place,2,touch;eyes,TRUE,after_both_answer,Shoulder press challenge | Source: Gemini,Approved
HT-B-070,Hot,guess,prediction,Bold,What aspect of intimacy matters most to me during a private encounter?,¿Qué aspecto importa más para mí durante un encuentro a solas?,Complete presence and attention,Presencia y atención total,Playful spontaneous energy,Energía juguetona y libre,warm,both,2,values;intimacy,TRUE,after_both_answer,Intimacy priority guess | Source: Gemini,Approved
SB-081,Same Brain,same_brain,choice,Standard,Cancel plans or pretend your phone died?,¿Cancelar planes de frente o fingir que se te murió el celular?,Cancel head-on,Cancelar de frente,Pretend no battery,Fingir sin batería,chaotic,both,1,lifestyle;habits;texting,FALSE,after_both_answer,Relatable social energy prompt | Source: Gemini,Draft
SB-082,Same Brain,same_brain,choice,Standard,Late night craving: salty crunch or pure sugar?,Antojo de medianoche: ¿salado crujiente o azúcar pura?,Salty crunch,Salado crujiente,Pure sugar,Azúcar pura,playful,both,1,food;habits,FALSE,after_both_answer,Quick decision food prompt | Source: Gemini,Draft
SB-083,Same Brain,same_brain,choice,Standard,Road trip: aux cord master or designated napper?,En road trip: ¿el DJ del viaje o el que se duerme?,Aux cord master,DJ del viaje,Designated napper,El que se duerme,warm,both,1,travel;lifestyle,FALSE,after_both_answer,Travel dynamic | Source: Gemini,Draft
SB-084,Same Brain,same_brain,choice,Standard,Watch a horror movie alone in the dark or never watch movies again?,¿Ver una peli de terror a oscuras solo/a o no ver pelis nunca más?,Horror alone,Terror a oscuras,No movies ever,Sin pelis jamás,cinematic,both,2,media;chaos,FALSE,after_both_answer,Mild extreme choice | Source: Gemini,Draft
SB-085,Same Brain,same_brain,choice,Standard,5-minute response time or 5 hours with zero explanation?,¿Contestar en 5 minutos o tardar 5 horas sin explicaciones?,Fast reply,Contestar rápido,Slow reply,Tardar horas,clever,both,1,texting;habits,FALSE,after_both_answer,Texting etiquette check | Source: Gemini,Draft
SB-086,Same Brain,same_brain,choice,Standard,Accidental double text or waiting three days to reply?,¿Double text por accidente o esperar 3 días para responder?,Double text,Double text,Wait 3 days,Esperar 3 días,awkward,both,1,texting;chaos,FALSE,after_both_answer,Texting dynamics | Source: Gemini,Draft
SB-087,Same Brain,same_brain,choice,Standard,Eat dinner at 6 PM or 11 PM?,¿Cenar a las 6 PM o a las 11 PM?,6 PM sharp,6 PM puntual,11 PM late,11 PM tarde,random,both,1,habits;food,FALSE,after_both_answer,Daily schedule preference | Source: Gemini,Draft
SB-088,Same Brain,same_brain,choice,Standard,Send a 3-minute voice message or write a full novel text?,¿Mandar nota de voz de 3 min o escribir una novela en texto?,3-min voice note,Nota de voz 3 min,Novel text,Texto largo,playful,both,1,texting;communication,FALSE,after_both_answer,Messaging style | Source: Gemini,Draft
SB-089,Same Brain,same_brain,choice,Standard,Spontaneous weekend trip with no plan or 6 months of detailed itinerary?,¿Viaje improvisado sin plan o 6 meses de itinerario detallado?,Zero plan,Sin plan alguno,Detailed itinerary,Itinerario detallado,clever,both,1,travel;lifestyle,FALSE,after_both_answer,Travel mindset | Source: Gemini,Draft
SB-090,Same Brain,same_brain,choice,Standard,Leave a party without saying goodbye or be the last person to leave?,¿Irte de una fiesta sin despedirte o ser el último en irte?,Irish exit,Irte sin avisar,Last one out,El último en irse,chaotic,both,1,lifestyle;habits,FALSE,after_both_answer,Party habits | Source: Gemini,Draft
SB-091,Same Brain,same_brain,choice,Standard,Iced coffee in freezing weather or hot soup on a boiling summer day?,¿Café frío bajo cero o sopa caliente a 40 grados?,Iced coffee in winter,Café frío bajo cero,Hot soup in summer,Sopa caliente en verano,slightly_weird,both,1,food;habits,FALSE,after_both_answer,Temperature preference | Source: Gemini,Draft
SB-092,Same Brain,same_brain,choice,Standard,Always be 15 minutes early or always 10 minutes late?,¿Llegar siempre 15 minutos antes o 10 minutos tarde?,15 min early,15 min antes,10 min late,10 min tarde,awkward,both,1,habits;lifestyle,FALSE,after_both_answer,Punctuality style | Source: Gemini,Draft
SB-093,Same Brain,same_brain,choice,Standard,Unpack your suitcase immediately after a trip or leave it for two weeks?,¿Desempacar la maleta al llegar o dejarla ahí 2 semanas?,Unpack right away,Desempacar de una,Leave it 2 weeks,Dejarla 2 semanas,warm,both,1,travel;habits,FALSE,after_both_answer,Post-travel habit | Source: Gemini,Draft
SB-094,Same Brain,same_brain,choice,Standard,Rewatch your favorite show for the 5th time or risk a new highly recommended show?,¿Rever tu serie favorita por 5ta vez o arriesgarte con una nueva?,Rewatch favorite,Rever favorita,Try new show,Probar serie nueva,cute,both,1,media;comfort,FALSE,after_both_answer,Comfort media preference | Source: Gemini,Draft
SB-095,Same Brain,same_brain,choice,Standard,Have 100 random read unread emails or 0 unread messages forever?,¿Tener 100 correos sin leer o inbox en 0 para siempre?,100 unread emails,100 sin leer,0 unread forever,Inbox en cero,random,both,1,habits;chaos,FALSE,after_both_answer,Digital organization | Source: Gemini,Draft
SB-096,Same Brain,same_brain,choice,Standard,Spicy food that makes you sweat or completely mild zero spice?,¿Comida picosa que te haga sudar o cero picante?,Super spicy,Super picoso,Zero spice,Cero picante,playful,both,1,food;comfort,FALSE,after_both_answer,Food taste tolerance | Source: Gemini,Draft
SB-097,Same Brain,same_brain,choice,Standard,Get stuck in an elevator for 2 hours with a stranger or get lost on a hike for 4 hours alone?,¿Atascado en un elevador 2 hrs con un extraño o perdido 4 hrs en el monte solo?,Elevator stranger,Elevador con extraño,Lost on hike,Perdido en el monte,hypothetical,both,2,chaos;lifestyle,FALSE,after_both_answer,Social vs isolation dilemma | Source: Gemini,Draft
SB-098,Same Brain,same_brain,choice,Standard,Always listen to music on shuffle or always listen to albums in order?,¿Escuchar música siempre en aleatorio o discos en orden estricto?,Always shuffle,Siempre aleatorio,Albums in order,Discos en orden,clever,both,1,media;habits,FALSE,after_both_answer,Music listening style | Source: Gemini,Draft
SB-099,Same Brain,same_brain,choice,Standard,Cold pizza for breakfast or hot soup for breakfast?,¿Pizza fría en el desayuno o sopa caliente recién levantado?,Cold pizza,Pizza fría,Hot soup,Sopa caliente,slightly_weird,both,1,food;habits,FALSE,after_both_answer,Breakfast food habits | Source: Gemini,Draft
SB-100,Same Brain,same_brain,choice,Standard,Have unlimited flight tickets or free meals everywhere for life?,¿Vuelos ilimitados gratis o comida gratis de por vida?,Free flights,Vuelos gratis,Free food,Comida gratis,warm,both,1,hypothetical;lifestyle,FALSE,after_both_answer,Ultimate perk choice | Source: Gemini,Draft
SB-101,Same Brain,same_brain,choice,Standard,Read the ending of a book first or strictly avoid all spoilers?,¿Leer el final de un libro primero o evitar spoilers a toda costa?,Read ending first,Leer final primero,Zero spoilers,Cero spoilers,awkward,both,1,media;habits,FALSE,after_both_answer,Spoiler tolerance | Source: Gemini,Draft
SB-102,Same Brain,same_brain,choice,Standard,Accidentally like an old Instagram photo from 3 years ago or send a text to the wrong group?,¿Dar like por error a foto de hace 3 años o mandar msj al grupo equivocado?,Old photo like,Like a foto vieja,Wrong group text,Mensaje a grupo equivocado,chaotic,both,1,texting;chaos,FALSE,after_both_answer,Digital embarrassment | Source: Gemini,Draft
SB-103,Same Brain,same_brain,choice,Standard,Live in a cozy tiny cabin in the woods or a modern high-rise in a busy city?,¿Cabaña acogedora en el bosque o departamento en el centro de la ciudad?,Tiny forest cabin,Cabaña en bosque,City high-rise,Depa en ciudad,cinematic,both,1,lifestyle;comfort,FALSE,after_both_answer,Living preference | Source: Gemini,Draft
SB-104,Same Brain,same_brain,choice,Standard,Go out dancing until 4 AM or stay in with board games and snacks?,¿Salir a bailar hasta las 4 AM o quedarse jugando juegos de mesa?,Dance till 4 AM,Bailar hasta 4 AM,Games and snacks,Juegos y snacks,playful,both,1,lifestyle;comfort,FALSE,after_both_answer,Night vibe choice | Source: Gemini,Draft
SB-105,Same Brain,same_brain,choice,Standard,Wear socks to sleep or bare feet no matter how cold?,¿Usar calcetines para dormir o descalzo sin importar el frío?,Socks on,Con calcetines,Bare feet,Descalzo,random,both,1,habits;comfort,FALSE,after_both_answer,Sleep comfort habit | Source: Gemini,Draft
SB-106,Same Brain,same_brain,choice,Standard,Have a fully private personal chef or a personal driver everywhere?,¿Tener chef privado personal o chofer privado a todos lados?,Personal chef,Chef privado,Personal driver,Chofer privado,clever,both,1,lifestyle;comfort,FALSE,after_both_answer,Luxury preference | Source: Gemini,Draft
SB-107,Same Brain,same_brain,choice,Standard,Spill coffee on white shirt right before a meeting or rip your pants mildly in public?,¿Mancharte café en camisa blanca o que se te rasgue el pantalón en público?,Coffee spill,Mancha de café,Ripped pants,Pantalón rasgado,awkward,both,2,chaos;habits,FALSE,after_both_answer,Public fail choice | Source: Gemini,Draft
SB-108,Same Brain,same_brain,choice,Standard,Always watch movies with subtitles on or strictly subtitles off?,¿Ver pelis siempre con subtítulos o estrictamente sin subtítulos?,Subtitles ON,Subtítulos ON,Subtitles OFF,Subtítulos OFF,warm,both,1,media;habits,FALSE,after_both_answer,Viewing preferences | Source: Gemini,Draft
SB-109,Same Brain,same_brain,choice,Standard,Order one huge dish to share or multiple small plates for the table?,¿Pedir un plato grande para compartir o muchos platillos al centro?,One big dish,Un plato grande,Small plates,Muchos platillos,cute,both,1,food;lifestyle,FALSE,after_both_answer,Dining style | Source: Gemini,Draft
SB-110,Same Brain,same_brain,choice,Standard,Never use emojis again or never use punctuation again in texts?,¿No usar emojis nunca más o no usar signos de puntuación jamás?,No emojis,Sin emojis,No punctuation,Sin puntuación,playful,both,1,texting;communication,FALSE,after_both_answer,Texting rules | Source: Gemini,Draft
SB-111,Same Brain,same_brain,choice,Standard,Spend a rainy Sunday reading/watching movies or doing a deep house clean?,¿Domingo lluvioso leyendo/viendo pelis o limpiando la casa a fondo?,Read and relax,Pelís y relax,Deep clean,Limpieza profunda,warm,both,1,lifestyle;comfort,FALSE,after_both_answer,Rainy day vibe | Source: Gemini,Draft
SB-112,Same Brain,same_brain,choice,Standard,Have the power to pause time or rewind time by 5 minutes?,¿Poder pausar el tiempo o rebobinar 5 minutos atrás?,Pause time,Pausar tiempo,Rewind 5 mins,Rebobinar 5 min,cinematic,both,1,hypothetical;chaos,FALSE,after_both_answer,Superpower preference | Source: Gemini,Draft
SB-113,Same Brain,same_brain,choice,Standard,Sweet popcorn or salted butter popcorn at the cinema?,¿Palomitas dulces o de mantequilla salada en el cine?,Sweet popcorn,Palomitas dulces,Salted butter,Mantequilla salada,playful,both,1,food;media,FALSE,after_both_answer,Movie snack classic | Source: Gemini,Draft
SB-114,Same Brain,same_brain,choice,Standard,Always speak your mind instantly or think about it for 3 days first?,¿Decir lo que piensas al instante o meditarlo 3 días antes?,Speak instantly,Decir al instante,Think 3 days,Meditar 3 días,clever,both,1,habits;communication,FALSE,after_both_answer,Expression style | Source: Gemini,Draft
SB-115,Same Brain,same_brain,choice,Standard,Walk through an art gallery in complete silence or listen to a podcast while walking?,¿Recorrer una galería en silencio o escuchando un podcast?,Total silence,Silencio total,With podcast,Con podcast,warm,both,1,lifestyle;media,FALSE,after_both_answer,Culture walking vibe | Source: Gemini,Draft
SB-116,Same Brain,same_brain,choice,Standard,Forget someone's name immediately after meeting or forget where you parked?,¿Olvidar el nombre de alguien al saludarlo o olvidar dónde te estacionaste?,Forget name,Olvidar nombre,Forget parking,Olvidar estacionamiento,awkward,both,1,habits;chaos,FALSE,after_both_answer,Memory fail scenario | Source: Gemini,Draft
SB-117,Same Brain,same_brain,choice,Standard,Have a perfectly planned routine or total chaos every day?,¿Rutina perfectamente planeada o caos total todos los días?,Strict routine,Rutina estricta,Total chaos,Caos total,chaotic,both,1,lifestyle;habits,FALSE,after_both_answer,Life structure choice | Source: Gemini,Draft
SB-118,Same Brain,same_brain,choice,Standard,Eat dessert before the main meal or strictly after?,¿Comer el postre antes del plato fuerte o estrictamente al final?,Dessert first,Postre primero,Dessert last,Postre al final,cute,both,1,food;habits,FALSE,after_both_answer,Dining sequence | Source: Gemini,Draft
SB-119,Same Brain,same_brain,choice,Standard,Sleep with one leg out of the blanket or fully tucked in like a burrito?,¿Dormir con una pierna fuera de la cobija o envuelto como burrito?,One leg out,Una pierna fuera,Full burrito,Envuelto completo,slightly_weird,both,1,comfort;habits,FALSE,after_both_answer,Sleeping posture | Source: Gemini,Draft
SB-120,Same Brain,same_brain,choice,Standard,Trip over nothing in public or get food stuck in your teeth all day?,¿Tropezarte con la nada en público o tener algo en los dientes todo el día?,Trip in public,Tropezar en público,Food in teeth,Algo en los dientes,awkward,both,1,chaos;habits,FALSE,after_both_answer,Awkward moment choice | Source: Gemini,Draft
SB-121,Same Brain,same_brain,choice,Standard,Beach vacation with sun and ocean or mountain cabin with snow and fireplace?,¿Vacaciones en playa y mar o cabaña en la montaña con nieve?,Beach and sun,Playa y sol,Snowy mountain,Montaña y nieve,cinematic,both,1,travel;lifestyle,FALSE,after_both_answer,Vacation setting | Source: Gemini,Draft
SB-122,Same Brain,same_brain,choice,Standard,Sing out loud in the car with windows down or listen silently to a deep podcast?,¿Cantar a todo volumen en el coche o escuchar un podcast concentrado?,Sing out loud,Cantar a todo volumen,Listen podcast,Escuchar podcast,playful,both,1,travel;media,FALSE,after_both_answer,Car ride energy | Source: Gemini,Draft
SB-123,Same Brain,same_brain,choice,Standard,Always pay with card/phone or always keep physical cash?,¿Pagar siempre con tarjeta/celular o traer efectivo físico?,Card/Phone,Tarjeta/Celular,Physical cash,Efectivo físico,random,both,1,habits;lifestyle,FALSE,after_both_answer,Payment preference | Source: Gemini,Draft
SB-124,Same Brain,same_brain,choice,Standard,Eat at a brand new experimental restaurant or your favorite neighborhood spot?,¿Probar un restaurante experimental nuevo o tu lugar confiable de siempre?,New spot,Lugar nuevo,Trusted favorite,Favorito de siempre,warm,both,1,food;lifestyle,FALSE,after_both_answer,Dining adventure level | Source: Gemini,Draft
SB-125,Same Brain,same_brain,choice,Standard,Never use air conditioning again or never use heating again?,¿No volver a usar aire acondicionado jamás o no usar calefacción nunca?,No aircon,Sin aire acondicionado,No heating,Sin calefacción,random,both,1,comfort;habits,FALSE,after_both_answer,Climate comfort choice | Source: Gemini,Draft
SB-126,Same Brain,same_brain,choice,Standard,Text someone immediately when you think of them or wait until you have a real reason?,¿Escribirle a alguien en cuanto te acuerdas o esperar a tener una razón?,Text immediately,Escribir de una,Wait for reason,Esperar motivo,cute,both,1,texting;attraction,FALSE,after_both_answer,Impulsive messaging | Source: Gemini,Draft
SB-127,Same Brain,same_brain,choice,Standard,Go to a concert with front row standing tickets or balcony seated tickets?,¿Ir a un concierto de pie en primera fila o sentado en balcón?,Front row standing,Primera fila de pie,Balcony seated,Balcón sentado,clever,both,1,media;lifestyle,FALSE,after_both_answer,Concert experience | Source: Gemini,Draft
SB-128,Same Brain,same_brain,choice,Standard,Have your phone battery at 5% all day or no internet access for 24 hours?,¿Traer la batería al 5% todo el día o estar 24 horas sin internet?,5% battery,Batería al 5%,No internet,Sin internet 24h,chaotic,both,1,habits;chaos,FALSE,after_both_answer,Tech stress choice | Source: Gemini,Draft
SB-129,Same Brain,same_brain,choice,Standard,Overcook a fancy meal or burn simple toast?,¿Arruinar por cocción una cena elegante o quemar un pan tostado?,Overcook fancy meal,Arruinar cena elegante,Burn toast,Quemar pan tostado,awkward,both,1,food;chaos,FALSE,after_both_answer,Kitchen fail preference | Source: Gemini,Draft
SB-130,Same Brain,same_brain,choice,Standard,Listen to one single song on repeat for a week or no music at all for a month?,¿Escuchar una sola canción en bucle una semana o cero música un mes?,One song repeat,Una canción en bucle,No music a month,Cero música un mes,playful,both,1,media;habits,FALSE,after_both_answer,Music obsession | Source: Gemini,Draft
SB-131,Same Brain,same_brain,choice,Standard,Receive a surprise gift or pick your exact gift yourself?,¿Recibir un regalo sorpresa o elegir tú mismo/a el regalo exacto?,Surprise gift,Regalo sorpresa,Pick myself,Elegirlo yo,warm,both,1,comfort;lifestyle,FALSE,after_both_answer,Gift receiving style | Source: Gemini,Draft
SB-132,Same Brain,same_brain,choice,Standard,Take a 20-minute power nap or power through with an extra espresso?,¿Siesta de 20 minutos o aguantar con un espresso extra?,20-min power nap,Siesta de 20 min,Extra espresso,Espresso extra,clever,both,1,habits;comfort,FALSE,after_both_answer,Energy reset choice | Source: Gemini,Draft
SB-133,Same Brain,same_brain,choice,Standard,Wear oversized comfortable clothes everywhere or sharp stylish fitted outfits?,¿Ropa oversized cómoda a todos lados o ropa ajustada y elegante?,Oversized comfort,Oversized cómodo,Fitted stylish,Ajustado y elegante,cute,both,1,lifestyle;comfort,FALSE,after_both_answer,Fashion priority | Source: Gemini,Draft
SB-134,Same Brain,same_brain,choice,Standard,Spill a secret by mistake or keep a mystery to yourself forever?,¿Soltar un secreto por error o guardarte un misterio para siempre?,Spill by mistake,Soltar por error,Keep mystery,Guardar para siempre,chaotic,both,1,chaos;communication,FALSE,after_both_answer,Secret keeping dynamic | Source: Gemini,Draft
SB-135,Same Brain,same_brain,choice,Standard,Window seat or aisle seat on a 10-hour flight?,¿Asiento de ventana o pasillo en un vuelo de 10 horas?,Window seat,Ventana,Aisle seat,Pasillo,random,both,1,travel;habits,FALSE,after_both_answer,Plane seat debate | Source: Gemini,Draft
SB-136,Same Brain,same_brain,choice,Standard,Always leave food on your plate or finish every single crumb?,¿Dejar siempre un bocado en el plato o terminártelo todo por completo?,Leave a bit,Dejar un poco,Finish all,Terminar todo,slightly_weird,both,1,food;habits,FALSE,after_both_answer,Eating habits | Source: Gemini,Draft
SB-137,Same Brain,same_brain,choice,Standard,Do workout sessions early at 6 AM or late night at 10 PM?,¿Entrenar en la mañana a las 6 AM o en la noche a las 10 PM?,6 AM workout,Entrenar 6 AM,10 PM workout,Entrenar 10 PM,clever,both,1,habits;lifestyle,FALSE,after_both_answer,Workout routine time | Source: Gemini,Draft
SB-138,Same Brain,same_brain,choice,Standard,Have your main superpower be flying or invisibility?,¿Preferiría volar o ser invisible?,Flying,Volar,Invisibility,Invisibilidad,cinematic,both,1,hypothetical;lifestyle,FALSE,after_both_answer,Superpower decision | Source: Gemini,Draft
SB-139,Same Brain,same_brain,choice,Standard,Accidentally call your boss 'mom/dad' or call your friend by your ex's name?,¿Decirle 'mamá/papá' a tu jefe o confundir a tu amigo con el nombre de tu ex?,Call boss mom/dad,Decirle mamá/papá al jefe,Ex name slip,Nombre de tu ex,awkward,both,2,chaos;awkward,FALSE,after_both_answer,Slip of the tongue scenario | Source: Gemini,Draft
SB-140,Same Brain,same_brain,choice,Standard,Eat breakfast for dinner or dinner meals for breakfast?,¿Cenar comida de desayuno o desayunar comida de cena?,Breakfast for dinner,Desayuno de cena,Dinner for breakfast,Cena de desayuno,playful,both,1,food;lifestyle,FALSE,after_both_answer,Meal reversal preference | Source: Gemini,Draft
SB-141,Same Brain,same_brain,choice,Standard,Have 5 really close friends or 50 friendly acquaintances?,¿Tener 5 amigos muy cercanos o 50 conocidos amigables?,5 close friends,5 amigos cercanos,50 acquaintances,50 conocidos,warm,both,1,lifestyle;comfort,FALSE,after_both_answer,Social circle style | Source: Gemini,Draft
SB-142,Same Brain,same_brain,choice,Standard,Watch a movie in silence or make commentary through the whole film?,¿Ver una película en silencio total o comentar toda la película?,Total silence,Silencio total,Live commentary,Comentar en vivo,clever,both,1,media;habits,FALSE,after_both_answer,Movie watching habit | Source: Gemini,Draft
SB-143,Same Brain,same_brain,choice,Standard,Always wear sneakers or always wear boots?,¿Usar siempre tenis o usar siempre botas?,Always sneakers,Siempre tenis,Always boots,Siempre botas,random,both,1,lifestyle;comfort,FALSE,after_both_answer,Footwear staple | Source: Gemini,Draft
SB-144,Same Brain,same_brain,choice,Standard,Be forced to whisper for a week or be forced to shout everything for a day?,¿Tener que susurrar una semana o tener que gritar todo por un día?,Whisper a week,Susurrar 1 semana,Shout one day,Gritar 1 día,chaotic,both,1,hypothetical;chaos,FALSE,after_both_answer,Vocal volume constraint | Source: Gemini,Draft
SB-145,Same Brain,same_brain,choice,Standard,Cook a 3-course dinner from scratch or order takeaway from 3 different places?,¿Cocinar una cena de 3 tiempos o pedir comida a domicilio de 3 lugares?,Cook scratch,Cocinar de cero,Order takeaway,Pedir domicilio,cute,both,1,food;lifestyle,FALSE,after_both_answer,Dinner effort level | Source: Gemini,Draft
SB-146,Same Brain,same_brain,choice,Standard,Use a paper map on a road trip or follow voice GPS strictly?,¿Usar mapa de papel en un viaje o seguir al GPS por voz estrictamente?,Paper map,Mapa de papel,Voice GPS,GPS por voz,warm,both,1,travel;habits,FALSE,after_both_answer,Navigation style | Source: Gemini,Draft
SB-147,Same Brain,same_brain,choice,Standard,Have a fully clean house but messy car or clean car but messy house?,¿CASA limpia pero coche caótico o COCHE impecable pero casa caótica?,Clean house,Casa limpia,Clean car,Coche limpio,slightly_weird,both,1,habits;lifestyle,FALSE,after_both_answer,Clutter priority | Source: Gemini,Draft
SB-148,Same Brain,same_brain,choice,Standard,Get a text saying 'we need to talk' or get an unexpected phone call?,¿Recibir un 'tenemos que hablar' por msj o una llamada inesperada?,We need to talk text,Texto 'tenemos que hablar',Unexpected call,Llamada inesperada,awkward,both,1,texting;chaos,FALSE,after_both_answer,Anxiety trigger choice | Source: Gemini,Draft
SB-149,Same Brain,same_brain,choice,Standard,Binge an entire series in 2 days or watch one episode per week?,¿Maratonear una serie entera en 2 días o ver 1 episodio por semana?,Binge 2 days,Maratonear en 2 días,One per week,1 por semana,playful,both,1,media;habits,FALSE,after_both_answer,Show watching pace | Source: Gemini,Draft
SB-150,Same Brain,same_brain,choice,Standard,Always have slightly damp socks or always have a eyelash stuck in your eye?,¿Traer siempre calcetines húmedos o una pestaña dentro del ojo?,Damp socks,Calcetines húmedos,Eyelash in eye,Pestaña en el ojo,slightly_weird,both,2,hypothetical;chaos,FALSE,after_both_answer,Minor inconvenience choice | Source: Gemini,Draft
SB-151,Same Brain,same_brain,choice,Standard,Shop online with 20 open tabs or shop physical stores in person?,¿Comprar en línea con 20 pestañas abiertas o comprar en tienda física?,Online tabs,En línea con pestañas,In person physical,En tienda física,clever,both,1,habits;lifestyle,FALSE,after_both_answer,Shopping habits | Source: Gemini,Draft
SB-152,Same Brain,same_brain,choice,Standard,Eat fries with ketchup on top or ketchup on the side for dipping?,¿Ponerle catsup encima a las papas o al lado para remojar?,Ketchup on top,Catsup encima,Ketchup side,Catsup a un lado,random,both,1,food;habits,FALSE,after_both_answer,Fry eating technique | Source: Gemini,Draft
SB-153,Same Brain,same_brain,choice,Standard,Go out in full rain without an umbrella or full sun without sunglasses?,¿Caminar bajo lluvia fuerte sin sombrilla o sol directo sin lentes?,Rain no umbrella,Lluvia sin sombrilla,Sun no glasses,Sol sin lentes,warm,both,1,lifestyle;habits,FALSE,after_both_answer,Weather struggle | Source: Gemini,Draft
SB-154,Same Brain,same_brain,choice,Standard,Send voice notes while walking on a noisy street or text while walking into things?,¿Mandar notas de voz en la calle ruidosa o chatear caminando y chocar?,Voice note street,Nota de voz en calle,Text and bump,Chatear y chocar,chaotic,both,1,texting;chaos,FALSE,after_both_answer,Street texting style | Source: Gemini,Draft
SB-155,Same Brain,same_brain,choice,Standard,Live without air conditioning in summer or live without hot water in winter?,¿Vivir sin aire acondicionado en verano o sin agua caliente en invierno?,No AC summer,Sin aire en verano,No hot water winter,Sin agua caliente en invierno,hypothetical,both,2,comfort;habits,FALSE,after_both_answer,Extreme seasonal comfort | Source: Gemini,Draft
SB-156,Same Brain,same_brain,choice,Standard,Have your phone play music publicly by mistake or text your secret to a group chat?,¿Que se reproduzca música fuerte por error o mandar tu secreto a un grupo?,Public music play,Música en público,Secret to group,Secreto a grupo,awkward,both,2,chaos;awkward,FALSE,after_both_answer,Public digital fail | Source: Gemini,Draft
SB-157,Same Brain,same_brain,choice,Standard,Plan every minute of a date or just meet up and figure it out?,¿Planear cada minuto de una cita o reunirse y ver qué sale?,Plan every minute,Planear cada minuto,Figure it out,Ver qué sale,cute,both,1,lifestyle;attraction,FALSE,after_both_answer,Date planning style | Source: Gemini,Draft
SB-158,Same Brain,same_brain,choice,Standard,Eat only spicy food for a week or only sweet food for a week?,¿Comer solo picoso una semana o solo dulce una semana?,Spicy only,Solo picoso,Sweet only,Solo dulce,playful,both,1,food;habits,FALSE,after_both_answer,Flavor restriction choice | Source: Gemini,Draft
SB-159,Same Brain,same_brain,choice,Standard,Sleep in a room that is ice cold with heavy blankets or warm room with no sheet?,¿Cuarto helado con cobijas pesadas o cuarto tibio sin cobija?,Ice cold room,Cuarto helado,Warm room no sheet,Cuarto tibio,warm,both,1,comfort;habits,FALSE,after_both_answer,Sleep temperature preference | Source: Gemini,Draft
SB-160,Same Brain,same_brain,choice,Standard,Take photos of every single moment on a trip or take zero photos and live it?,¿Tomar foto a cada momento en un viaje o tomar cero fotos y vivirlo?,Photos everywhere,Fotos a todo,Zero photos,Cero fotos,clever,both,1,travel;media,FALSE,after_both_answer,Travel photography habit | Source: Gemini,Draft
SB-161,Same Brain,same_brain,choice,Standard,Re-read your childhood diary out loud or show your internet search history?,¿Leer tu diario de infancia en voz alta o mostrar tu historial de búsqueda?,Childhood diary,Diario de infancia,Search history,Historial de búsqueda,chaotic,both,2,memories;chaos,FALSE,after_both_answer,Nostalgia vs privacy | Source: Gemini,Draft
SB-162,Same Brain,same_brain,choice,Standard,Always have a song stuck in your head or always forget why you walked into a room?,¿Tener siempre una canción pegada o olvidar siempre a qué entraste a un cuarto?,Song stuck,Canción pegada,Forget room purpose,Olvidar a qué entraste,random,both,1,habits;chaos,FALSE,after_both_answer,Brain glitch preference | Source: Gemini,Draft
SB-163,Same Brain,same_brain,choice,Standard,Drink hot tea before bed or iced water in the middle of the night?,¿Té caliente antes de dormir o agua helada a medianoche?,Hot tea night,Té caliente de noche,Ice water midnight,Agua helada a medianoche,cute,both,1,comfort;habits,FALSE,after_both_answer,Night drink habit | Source: Gemini,Draft
SB-164,Same Brain,same_brain,choice,Standard,Be stuck in a traffic jam for 2 hours or walk in heavy rain for 30 minutes?,¿Estar 2 horas en el tráfico o caminar 30 min bajo lluvia fuerte?,2hr traffic jam,2 horas en tráfico,30min rain walk,30 min bajo lluvia,awkward,both,1,lifestyle;chaos,FALSE,after_both_answer,Commute nightmare preference | Source: Gemini,Draft
SB-165,Same Brain,same_brain,choice,Standard,Keep old movie tickets and receipts for nostalgia or throw everything away instantly?,¿Guardar boletos de cine viejos por nostalgia o tirar todo a la basura?,Keep tickets,Guardar boletos,Throw instantly,Tirar todo de una,warm,both,1,memories;habits,FALSE,after_both_answer,Sentimental hoarding | Source: Gemini,Draft
SB-166,Same Brain,same_brain,choice,Standard,Eat dinner at a busy communal counter table or a quiet private booth?,¿Cenar en una barra común con gente o en un sillón privado y tranquilo?,Communal table,Barra común,Private booth,Sillón privado,clever,both,1,lifestyle;food,FALSE,after_both_answer,Restaurant seating vibe | Source: Gemini,Draft
SB-167,Same Brain,same_brain,choice,Standard,Spontaneously adopt a pet or plan for 2 years before getting one?,¿Adoptar una mascota de forma espontánea o planearlo durante 2 años?,Spontaneous pet,Mascota espontánea,Plan 2 years,Planear 2 años,playful,both,1,lifestyle;habits,FALSE,after_both_answer,Pet adoption mindset | Source: Gemini,Draft
SB-168,Same Brain,same_brain,choice,Standard,Never use headphones again or never use speakers again?,¿No usar audífonos nunca más o no usar bocinas jamás?,No headphones,Sin audífonos,No speakers,Sin bocinas,random,both,1,media;habits,FALSE,after_both_answer,Audio gear choice | Source: Gemini,Draft
SB-169,Same Brain,same_brain,choice,Standard,Arrive at the airport 3 hours early or sprint to the gate as it closes?,¿Llegar 3 horas antes al aeropuerto o correr a la puerta mientras cierra?,3 hours early,3 horas antes,Sprint to gate,Correr a la puerta,chaotic,both,1,travel;habits,FALSE,after_both_answer,Airport stress level | Source: Gemini,Draft
SB-170,Same Brain,same_brain,choice,Standard,Eat crunchy peanut butter or smooth peanut butter?,¿Crema de cacahuate crujiente o crema suave?,Crunchy PB,Crujiente,Smooth PB,Suave,cute,both,1,food;comfort,FALSE,after_both_answer,Classic spread debate | Source: Gemini,Draft
SB-171,Same Brain,same_brain,choice,Standard,Have your dream job with terrible commute or okay job with 2-minute walk?,¿Trabajo soñado con pésimo traslado o trabajo equis a 2 min caminando?,Dream job long walk,Trabajo soñado traslado largo,Okay job 2min walk,Trabajo ok a 2 min,clever,both,1,lifestyle;habits,FALSE,after_both_answer,Work life balance | Source: Gemini,Draft
SB-172,Same Brain,same_brain,choice,Standard,Accidentally wave back at a stranger who was waving at someone behind you or mishear a prompt 3 times?,¿Devolver el saludo a un extraño por error o pedir que te repitan algo 3 veces?,Wave back wrong,Saludar por error,Mishear 3 times,Pedir repetición 3 veces,awkward,both,1,chaos;awkward,FALSE,after_both_answer,Social awkwardness choice | Source: Gemini,Draft
SB-173,Same Brain,same_brain,choice,Standard,Order coffee with an extremely long customized order or plain black coffee?,¿Pedir café con una orden súper larga y personalizada o café negro simple?,Long custom order,Orden personalizada,Plain black coffee,Café negro simple,slightly_weird,both,1,food;habits,FALSE,after_both_answer,Coffee order complexity | Source: Gemini,Draft
SB-174,Same Brain,same_brain,choice,Standard,Watch a movie preview/trailer before deciding or pick purely based on the poster?,¿Ver el tráiler antes de elegir peli o elegir solo por el póster?,Watch trailer,Ver tráiler,Pick by poster,Elegir por póster,warm,both,1,media;habits,FALSE,after_both_answer,Movie selection habit | Source: Gemini,Draft
SB-175,Same Brain,same_brain,choice,Standard,Wear bright neon colors or strictly neutral tones every day?,¿Usar colores neón llamativos o tonos neutros todos los días?,Bright neon,Colores neón,Neutral tones,Tonos neutros,random,both,1,lifestyle;habits,FALSE,after_both_answer,Clothing style palette | Source: Gemini,Draft
SB-176,Same Brain,same_brain,choice,Standard,Have a sudden power outage during a storm or extreme summer heat wave outage?,¿Apagón durante una tormenta de lluvia o apagón en plena ola de calor?,Storm outage,Apagón en tormenta,Heat wave outage,Apagón en ola de calor,cinematic,both,1,hypothetical;chaos,FALSE,after_both_answer,Outage scenario | Source: Gemini,Draft
SB-177,Same Brain,same_brain,choice,Standard,Finish a whole jar of pickles in one sitting or eat an entire box of cereal dry?,¿Comerte un frasco de pepinillos de jalón o una caja de cereal seco?,Pickle jar,Frasco de pepinillos,Dry cereal box,Caja de cereal seco,playful,both,1,food;chaos,FALSE,after_both_answer,Bizarre snack binge | Source: Gemini,Draft
SB-178,Same Brain,same_brain,choice,Standard,Get trapped in a museum overnight or get trapped in a giant grocery store overnight?,¿Quedarte atrapado de noche en un museo o en un supermercado gigante?,Museum overnight,Noche en museo,Grocery overnight,Noche en súper,cinematic,both,1,hypothetical;lifestyle,FALSE,after_both_answer,Overnight venue trap | Source: Gemini,Draft
SB-179,Same Brain,same_brain,choice,Standard,Never use voice messages again or never use phone calls again?,¿No volver a enviar notas de voz jamás o no volver a hacer llamadas?,No voice notes,Sin notas de voz,No calls,Sin llamadas,clever,both,1,texting;communication,FALSE,after_both_answer,Voice communication choice | Source: Gemini,Draft
SB-180,Same Brain,same_brain,choice,Standard,Binge watch old childhood nostalgia cartoons or trendy high-drama thriller shows?,¿Caricaturas de la infancia por nostalgia o series de drama y suspenso de moda?,Nostalgia cartoons,Caricaturas de infancia,Trendy thriller,Drama de moda,cute,both,1,media;memories,FALSE,after_both_answer,Watch session choice | Source: Gemini,Draft
GU-079,Know Me,guess,prediction,Standard,What is my default response when plans get canceled last minute?,¿Cuál es mi respuesta automática cuando cancelan un plan a última hora?,Relieved inside,Alivio secreto,Mildly annoyed,Leve molestia,playful,both,1,habits;lifestyle,FALSE,after_both_answer,Social battery predictor | Source: Gemini,Draft
GU-080,Know Me,guess,prediction,Standard,How do I react when I get a terrible haircut?,¿Cómo reacciono cuando me hacen un pésimo corte de cabello?,Pretend I love it,Digo que me gustó,Hide under a hat,Me pongo gorra,awkward,both,1,reactions;chaos,FALSE,after_both_answer,Haircut fail reaction | Source: Gemini,Draft
GU-081,Know Me,guess,prediction,Standard,What triggers my inner chaos mode faster?,¿Qué activa mi modo caos más rápido?,Empty stomach,Estómago vacío,Slow internet,Internet lento,random,both,1,habits;chaos,FALSE,after_both_answer,Impatience triggers | Source: Gemini,Draft
GU-082,Know Me,guess,prediction,Standard,Am I more likely to overpack or forget key items?,¿Soy más de llevar equipaje de más o de olvidar lo básico?,Overpack everything,Llevar de más,Forget essentials,Olvidar lo básico,playful,both,1,travel;habits,FALSE,after_both_answer,Packing habits | Source: Gemini,Draft
GU-083,Know Me,guess,prediction,Standard,"When I am stressed, do I reach out or disappear for a bit?",¿Cuando me estreso busco hablar o me desaparezco un rato?,Reach out,Busco hablar,Disappear a bit,Me desaparezco,warm,both,2,comfort;habits,FALSE,after_both_answer,Stress response pattern | Source: Gemini,Draft
GU-084,Know Me,guess,prediction,Standard,What is my ultimate comfort food after a long tiring day?,¿Cuál es mi comida de confort definitiva tras un día pesado?,Carbs and cheese,Carbohidratos y queso,Sweet dessert,Algo dulce,warm,both,1,food;comfort,FALSE,after_both_answer,Comfort food craving | Source: Gemini,Draft
GU-085,Know Me,guess,prediction,Standard,How many alarms do I set to wake up in the morning?,¿Cuántas alarmas pongo para despertarme en la mañana?,Just one single alarm,Una sola alarma,At least five alarms,Al menos cinco alarmas,clever,both,1,habits;lifestyle,FALSE,after_both_answer,Morning wake up style | Source: Gemini,Draft
GU-086,Know Me,guess,prediction,Standard,What do I usually do when I can't fall asleep at night?,¿Qué hago usualmente cuando no puedo dormir de noche?,Scroll on my phone,Ver el celular,Read or listen to music,Leer o escuchar música,random,both,1,habits;comfort,FALSE,after_both_answer,Insomnia routine | Source: Gemini,Draft
GU-087,Know Me,guess,prediction,Standard,How do I handle having a huge crush on someone?,¿Cómo manejo cuando alguien me gusta muchísimo?,Act totally chill and unbothered,Me hago el disimulado,Become hyper and talkative,Me pongo hiperactivo/a,cute,both,1,attraction;habits,FALSE,after_both_answer,Crush behavior style | Source: Gemini,Draft
GU-088,Know Me,guess,prediction,Standard,What is my strategy when I get lost driving or walking?,¿Cuál es mi estrategia si me pierdo caminando o manejando?,Refuse to ask and figure it out,Cero preguntas y resolver,Ask immediately for directions,Preguntar de una vez,chaotic,both,1,travel;lifestyle,FALSE,after_both_answer,Navigation pride level | Source: Gemini,Draft
GU-089,Know Me,guess,prediction,Standard,How quickly do I reply to text messages from close friends?,¿Qué tan rápido respondo mensajes de texto de amigos cercanos?,Within seconds,En segundos,Hours later or next day,Horas después o al día siguiente,playful,both,1,texting;habits,FALSE,after_both_answer,Response speed | Source: Gemini,Draft
GU-090,Know Me,guess,prediction,Standard,What type of movie am I most likely to veto on a movie night?,¿Qué género de peli es más probable que yo ponga veto?,Heavy slow drama,Drama lento y pesado,Horror / gore,Terror o gore,clever,both,1,media;habits,FALSE,after_both_answer,Movie veto preference | Source: Gemini,Draft
GU-091,Know Me,guess,prediction,Standard,How do I act when I receive a compliment?,¿Cómo actúo cuando me hacen un cumplido?,Get slightly shy / blush,Me da pena / timidez,Own it and laugh,Lo recibo con risas,cute,both,1,reactions;attraction,FALSE,after_both_answer,Compliment reaction | Source: Gemini,Draft
GU-092,Know Me,guess,prediction,Standard,What is my go-to coping mechanism for a awkward silence?,¿Qué hago automáticamente ante un silencio incómodo?,Make a random joke,Hago un chiste tonto,Check my phone instantly,Miro el celular de una,awkward,both,1,awkward;habits,FALSE,after_both_answer,Awkward silence escape | Source: Gemini,Draft
GU-093,Know Me,guess,prediction,Standard,How organized is my digital space (phone apps/desktop)?,¿Qué tan organizado está mi espacio digital (apps/escritorio)?,Super organized,Súper organizado,Pure chaos,Caos absoluto,random,both,1,habits;lifestyle,FALSE,after_both_answer,Digital cleanliness | Source: Gemini,Draft
GU-094,Know Me,guess,prediction,Standard,Am I more likely to be early or running late to our plans?,¿Soy más de llegar antes o de venir a las carreras?,Early / on time,Antes o a tiempo,Running late,A las carreras,playful,both,1,lifestyle;habits,FALSE,after_both_answer,Punctuality habit | Source: Gemini,Draft
GU-095,Know Me,guess,prediction,Standard,What is my attitude toward trying bizarre food flavors?,¿Cuál es mi actitud para probar sabores de comida raros?,Super adventurous,Súper aventurero/a,Very cautious,Muy precavido/a,warm,both,1,food;habits,FALSE,after_both_answer,Food adventurousness | Source: Gemini,Draft
GU-096,Know Me,guess,prediction,Standard,How do I react to loud jump scares in movies?,¿Cómo reacciono ante los sustos repentinos en las películas?,Jump out of my seat,Brinco del asiento,Stay completely calm,Me quedo intacto/a,cinematic,both,1,media;reactions,FALSE,after_both_answer,Jump scare reaction | Source: Gemini,Draft
GU-097,Know Me,guess,prediction,Standard,What am I most picky about when buying clothes?,¿En qué soy más exigente al comprar ropa?,Comfort and texture,Comodidad y textura,Style and fit,Estilo y como se ve,clever,both,1,lifestyle;habits,FALSE,after_both_answer,Shopping priorities | Source: Gemini,Draft
GU-098,Know Me,guess,prediction,Standard,What do I do when I accidentally make an embarrassing mistake in public?,¿Qué hago si cometo un error vergonzoso en público?,Laugh it off out loud,Me río en voz alta,Pretend nothing happened,Fingo que nada pasó,chaotic,both,1,chaos;reactions,FALSE,after_both_answer,Embarrassment coping | Source: Gemini,Draft
GU-099,Know Me,guess,prediction,Standard,"When I get super excited about something, how do I show it?",¿Cómo muestro cuando algo me emociona demasiado?,Talk really fast and loud,Hablo rapidísimo y fuerte,Smile and digest quietly,Sonrío y me lo guardo,cute,both,1,reactions;warmth,FALSE,after_both_answer,Excitement expression | Source: Gemini,Draft
GU-100,Know Me,guess,prediction,Standard,What is my habit with leftover food in the fridge?,¿Cuál es mi hábito con la comida sobrante en el refrigerador?,Eat it next day for sure,Me la como al día siguiente,Forget it exists forever,Olvidó que existe por siempre,random,both,1,food;habits,FALSE,after_both_answer,Leftovers habit | Source: Gemini,Draft
GU-101,Know Me,guess,prediction,Standard,Am I better at remembering birthdays or remembering names?,¿Soy mejor recordando cumpleaños o recordando nombres?,Remembering birthdays,Recordando cumpleaños,Remembering names,Recordando nombres,warm,both,1,memories;habits,FALSE,after_both_answer,Memory strengths | Source: Gemini,Draft
GU-102,Know Me,guess,prediction,Standard,How do I spend my money when I want to treat myself?,¿En qué gasto cuando me quiero consentir?,Good food or coffee,Buena comida o café,Clothes or gadgets,Ropa o gadgets,clever,both,1,lifestyle;habits,FALSE,after_both_answer,Treating myself style | Source: Gemini,Draft
GU-103,Know Me,guess,prediction,Standard,What is my primary vibe on a Sunday afternoon?,¿Cuál es mi vibra principal un domingo en la tarde?,Ultra cozy couch rest,Descanso total en sillón,Productive prep for week,Productivo preparando semana,warm,both,1,lifestyle;comfort,FALSE,after_both_answer,Sunday mood | Source: Gemini,Draft
GU-104,Know Me,guess,prediction,Standard,How do I make big choices when I'm undecided?,¿Cómo tomo decisiones grandes si estoy indeciso/a?,Overthink every option,Analizo de más cada opción,Go with immediate gut feeling,Sigo mi corazonada directa,clever,both,2,habits;decisions,FALSE,after_both_answer,Decision making style | Source: Gemini,Draft
GU-105,Know Me,guess,prediction,Standard,What do I do when a song I love comes on in public?,¿Qué hago si suena una canción que me encanta en un lugar público?,Sing/dance along openly,Canto o me muevo sin pena,Mouth words quietly,Tarareo bajito,playful,both,1,media;habits,FALSE,after_both_answer,Public music reaction | Source: Gemini,Draft
GU-106,Know Me,guess,prediction,Standard,How do I feel about sudden spontaneous plan changes?,¿Qué siento ante cambios de planes improvisados de última hora?,Love the spontaneity,Me encanta la sorpresa,Need time to mentally adapt,Necesito procesarlo un poco,chaotic,both,1,lifestyle;habits,FALSE,after_both_answer,Spontaneity tolerance | Source: Gemini,Draft
GU-107,Know Me,guess,prediction,Standard,What is my go-to order at a cozy cafe?,¿Cuál es mi pedido seguro en una cafetería tranquila?,Classic espresso / black,Café clásico / negro,Sweet flavored latte,Latte dulce con sabor,cute,both,1,food;comfort,FALSE,after_both_answer,Cafe drink order | Source: Gemini,Draft
GU-108,Know Me,guess,prediction,Standard,How do I react when someone spoils a plot twist for me?,¿Cómo reacciono si me arruinan el final de una serie/peli?,Genuinely annoyed,Me molesta en serio,Don't really mind at all,No me importa mucho,awkward,both,1,media;reactions,FALSE,after_both_answer,Spoiler reaction | Source: Gemini,Draft
GU-109,Know Me,guess,prediction,Standard,Am I more likely to buy books/items and never use them or use everything immediately?,¿Soy más de comprar cosas y no usarlas o usarlas de inmediato?,Accumulate unused items,Acumular sin usar,Use immediately,Usar de inmediato,random,both,1,habits;lifestyle,FALSE,after_both_answer,Buying habits | Source: Gemini,Draft
GU-110,Know Me,guess,prediction,Standard,What is my style when playing competitive board games?,¿Cuál es mi estilo jugando juegos de mesa competitivos?,Super focused to win,Súper enfocado en ganar,Just there for laughs,Ahí solo para reír,playful,both,1,habits;lifestyle,FALSE,after_both_answer,Competitive style | Source: Gemini,Draft
GU-111,Know Me,guess,prediction,Standard,How do I deal with an uncomfortable physical temperature?,¿Cómo trato con una temperatura incómoda (frío/calor)?,Suffer silently without complaint,Sufro en silencio,Complain every 5 minutes,Me quejo cada 5 minutos,slightly_weird,both,1,comfort;reactions,FALSE,after_both_answer,Temperature complaint level | Source: Gemini,Draft
GU-112,Know Me,guess,prediction,Standard,"When I am shopping, do I ask employees for help or hide?","¿Al ir de compras, pido ayuda a los empleados o los evito?",Ask for help directly,Pido ayuda directo,Avoid eye contact completely,Evito contacto visual,awkward,both,1,habits;social,FALSE,after_both_answer,Retail social interaction | Source: Gemini,Draft
GU-113,Know Me,guess,prediction,Standard,What is my default background music choice while working/studying?,¿Cuál es mi música de fondo por defecto para trabajar o estudiar?,Lo-fi / instrumental,Lo-fi o instrumental,Upbeat energetic playlists,Playlists con mucha energía,clever,both,1,media;habits,FALSE,after_both_answer,Focus music style | Source: Gemini,Draft
GU-114,Know Me,guess,prediction,Standard,How do I react to receiving an unexpected voice note?,¿Cómo reacciono al recibir una nota de voz inesperada?,Listen right away at 2x speed,La escucho en 2x de una,Wait until I have energy,Espero a tener energía,playful,both,1,texting;habits,FALSE,after_both_answer,Voice note reaction | Source: Gemini,Draft
GU-115,Know Me,guess,prediction,Standard,Am I more driven by nostalgic memories or future plans?,¿Me mueve más la nostalgia del pasado o los planes futuros?,Nostalgic memories,Nostalgia del pasado,Future plans,Planes a futuro,warm,both,2,memories;mindset,FALSE,after_both_answer,Nostalgia orientation | Source: Gemini,Draft
GU-116,Know Me,guess,prediction,Standard,What is my habit with mobile battery charging?,¿Cuál es mi hábito con la carga de batería del celular?,Charge before reaching 50%,Cargar antes del 50%,Let it drop to 1% regularly,Dejar que caiga al 1%,chaotic,both,1,habits;tech,FALSE,after_both_answer,Battery anxiety level | Source: Gemini,Draft
GU-117,Know Me,guess,prediction,Standard,How do I react when I see a cute dog on the street?,¿Cómo reacciono si veo un perro tierno en la calle?,Gasp out loud and point,Me emociono y lo señalo,Smile softly to myself,Sonrío en silencio,cute,both,1,reactions;cute,FALSE,after_both_answer,Pet reaction | Source: Gemini,Draft
GU-118,Know Me,guess,prediction,Standard,What is my tendency when a task feels super overwhelming?,¿Qué suelo hacer cuando una tarea se siente muy abrumadora?,Procrastinate then rush,Procrastinar y luego correr,Break it down step by step,Dividirla paso a paso,clever,both,1,habits;mindset,FALSE,after_both_answer,Overwhelm handling | Source: Gemini,Draft
GU-119,Know Me,guess,prediction,Standard,How do I act when I'm sick with a mild cold?,¿Cómo actúo cuando me da un resfriado leve?,Dramatic rest in bed,Drama total en cama,Power through normally,Seguir como si nada,warm,both,1,comfort;habits,FALSE,after_both_answer,Sickness drama level | Source: Gemini,Draft
GU-120,Know Me,guess,prediction,Standard,Am I better at giving gifts or receiving gifts gracefully?,¿Soy mejor dando regalos o recibiéndolos sin apenarme?,Giving thoughtful gifts,Dando regalos pensados,Receiving gracefully,Recibiéndolos bien,warm,both,1,lifestyle;attraction,FALSE,after_both_answer,Gifting social comfort | Source: Gemini,Draft
GU-121,Know Me,guess,prediction,Standard,What is my preference for weekend morning wake-up times?,¿A qué hora prefiero despertarme en fin de semana?,Before 8 AM,Antes de las 8 AM,Past 10 AM,Después de las 10 AM,random,both,1,lifestyle;habits,FALSE,after_both_answer,Weekend sleep habit | Source: Gemini,Draft
GU-122,Know Me,guess,prediction,Standard,How do I behave when I am in a crowd of new people?,¿Cómo me comporto entre un grupo de personas desconocidas?,Observe quietly first,Observo en silencio primero,Start conversations quickly,Inicio plática rápido,awkward,both,1,social;habits,FALSE,after_both_answer,Crowd behavior | Source: Gemini,Draft
GU-123,Know Me,guess,prediction,Standard,What is my reaction when someone calls me out for being wrong?,¿Cómo reacciono si me señalan que estoy equivocado/a?,Laugh and admit it,Me río y lo acepto,Defend my point first,Defiendo mi punto primero,clever,both,2,reactions;habits,FALSE,after_both_answer,Wrong admission style | Source: Gemini,Draft
GU-124,Know Me,guess,prediction,Standard,Am I more likely to over-analyze small text details or ignore them?,¿Soy de sobreanalizar detalles en los mensajes o ignorarlos?,Over-analyze everything,Sobreanalizar todo,Ignore subtle details,Ignorar detalles,playful,both,1,texting;attraction,FALSE,after_both_answer,Text analysis tendency | Source: Gemini,Draft
GU-125,Know Me,guess,prediction,Standard,What is my stance on eating snack food in bed?,¿Cuál es mi postura sobre comer snacks en la cama?,Totally fine and cozy,Súper bien y cómodo,Strictly forbidden (crumbs!),Prohibido por las migas,slightly_weird,both,1,habits;comfort,FALSE,after_both_answer,In-bed eating rules | Source: Gemini,Draft
GU-126,Know Me,guess,prediction,Standard,How do I handle having a totally free empty afternoon?,¿Cómo manejo tener una tarde completamente libre?,Plan fun productive stuff,Planear cosas divertidas,Do absolutely nothing,No hacer nada en absoluto,warm,both,1,lifestyle;comfort,FALSE,after_both_answer,Free afternoon use | Source: Gemini,Draft
GU-127,Know Me,guess,prediction,Standard,What do I usually do when I feel very nervous?,¿Qué suelo hacer cuando me pongo muy nervioso/a?,Fidget with hands/objects,Moverme o tocar cosas,Get very quiet and focused,Quedarme muy callado/a,awkward,both,1,reactions;habits,FALSE,after_both_answer,Nervous tell | Source: Gemini,Draft
GU-128,Know Me,guess,prediction,Standard,What is my secret super power in social situations?,¿Cuál es mi superpoder en reuniones sociales?,Remembering minor details,Recordar detalles mínimos,Keeping the energy fun,Mantener la energía divertida,cute,both,1,social;attraction,FALSE,after_both_answer,Social superpower | Source: Gemini,Draft
GU-129,Know Me,guess,prediction,Standard,How do I react to cheesy romantic movie scenes?,¿Cómo reacciono a escenas de películas románticas cursies?,Aww softly inside,Me da ternura por dentro,Roll my eyes and laugh,Hago caras y me río,cute,both,1,media;attraction,FALSE,after_both_answer,Romance reaction | Source: Gemini,Draft
GU-130,Know Me,guess,prediction,Standard,What is my habit with unread notification badges on my phone?,¿Cuál es mi hábito con los globos de notificaciones en el cel?,Clear them all instantly,Limpiarlos al instante,Let them stack into thousands,Dejar que se junten miles,chaotic,both,1,habits;tech,FALSE,after_both_answer,Notification management | Source: Gemini,Draft
GU-131,Know Me,guess,prediction,Standard,How do I feel about surprise visits at home?,¿Qué pienso de las visitas sorpresa en mi casa?,Love unexpected visitors,Me encantan las sorpresas,Need advance warning always,Necesito aviso previo siempre,warm,both,1,lifestyle;comfort,FALSE,after_both_answer,Surprise visit comfort | Source: Gemini,Draft
GU-132,Know Me,guess,prediction,Standard,"When I am listening to a friend's story, am I giving solutions or sympathy?","¿Al escuchar la historia de un amigo, doy soluciones o contención?",Give practical solutions,Doy soluciones prácticas,Offer emotional sympathy,Doy contención emocional,clever,both,2,communication;comfort,FALSE,after_both_answer,Listening style | Source: Gemini,Draft
GU-133,Know Me,guess,prediction,Standard,What is my attitude toward taking aesthetic photos of my food?,¿Cuál es mi actitud sobre tomar fotos bonitas a la comida?,Take photos first always,Foto antes de comer siempre,Eat immediately while hot,Comer de una mientras quema,playful,both,1,food;habits,FALSE,after_both_answer,Food photo habit | Source: Gemini,Draft
GU-134,Know Me,guess,prediction,Standard,Am I more likely to lose my keys or lose my sunglasses?,¿Soy más de perder las llaves o de perder los lentes de sol?,Lose keys regularly,Perder las llaves,Lose sunglasses,Perder los lentes,random,both,1,habits;chaos,FALSE,after_both_answer,Item losing habit | Source: Gemini,Draft
GU-135,Know Me,guess,prediction,Standard,How do I behave when I am extremely sleepy in public?,¿Cómo me comporto si tengo muchísimo sueño en público?,Yawn non-stop and complain,Bostezar y quejarme,Fight it with straight posture,Disimular con postura erguida,awkward,both,1,reactions;habits,FALSE,after_both_answer,Sleepiness hiding | Source: Gemini,Draft
GU-136,Know Me,guess,prediction,Standard,What is my mindset when trying to assemble flat-pack furniture?,¿Cuál es mi actitud al armar muebles desarmados?,Follow instructions step-by-step,Seguir instructivo paso a paso,Wing it until it looks right,Armar a ojo a ver qué sale,chaotic,both,1,habits;lifestyle,FALSE,after_both_answer,Furniture assembly style | Source: Gemini,Draft
GU-137,Know Me,guess,prediction,Standard,How do I handle receiving a gift that I don't really like?,¿Cómo manejo recibir un regalo que no me gusta mucho?,Politely fake enthusiasm,Disimulo entusiasmo con amabilidad,Show slight transparent reaction,Se me nota un poco en la cara,awkward,both,1,social;reactions,FALSE,after_both_answer,Bad gift reaction | Source: Gemini,Draft
GU-138,Know Me,guess,prediction,Standard,What am I most likely doing during a long car ride?,¿Qué suelo estar haciendo en un trayecto largo en coche?,Looking out the window dreaming,Mirando por la ventana,Controlling the music queue,Controlando la música,cinematic,both,1,travel;lifestyle,FALSE,after_both_answer,Road trip role | Source: Gemini,Draft
GU-139,Know Me,guess,prediction,Standard,Am I more inclined to keep old memory keepsakes or throw things away?,¿Suelo guardar recuerdos viejos o tirar cosas para despejar?,Keep sentimental items,Guardar recuerdos,Declutter and throw out,Tirar y despejar,warm,both,1,memories;habits,FALSE,after_both_answer,Keepsake hoarding | Source: Gemini,Draft
GU-140,Know Me,guess,prediction,Standard,What is my default reaction when a plan gets delayed by 1 hour?,¿Cuál es mi reacción cuando un plan se retrasa 1 hora?,Enjoy the extra bonus time,Disfrutar el tiempo extra,Get impatient and restless,Impacientarme un poco,playful,both,1,habits;lifestyle,FALSE,after_both_answer,Delay patience | Source: Gemini,Draft
GU-141,Know Me,guess,prediction,Standard,How do I take my cold drinks in summer?,¿Cómo prefiero las bebidas frías en verano?,Packed with tons of ice,Con muchísimo hielo,Light ice or no ice,Poco hielo o sin hielo,random,both,1,food;habits,FALSE,after_both_answer,Ice preference | Source: Gemini,Draft
GU-142,Know Me,guess,prediction,Standard,Am I more likely to binge an entire podcast season or listen randomly?,¿Soy de escuchar temporadas completas de podcasts o episodios sueltos?,Binge whole seasons,Temporadas completas,Listen randomly,Episodios sueltos,clever,both,1,media;habits,FALSE,after_both_answer,Podcast listening style | Source: Gemini,Draft
GU-143,Know Me,guess,prediction,Standard,How do I react to unexpected weather (sudden rain)?,¿Cómo reacciono ante un clima imprevisto (lluvia de repente)?,Embrace it and laugh,Me da risa y lo disfruto,Get annoyed about my outfit,Me molesta por mi ropa,chaotic,both,1,reactions;lifestyle,FALSE,after_both_answer,Weather reaction | Source: Gemini,Draft
GU-144,Know Me,guess,prediction,Standard,What is my preference for grocery shopping?,¿Cuál es mi estilo al hacer compras de despensa?,Strict list only,Lista estricta únicamente,Wander aisle by aisle,Caminar pasillo por pasillo,warm,both,1,habits;lifestyle,FALSE,after_both_answer,Grocery shopping style | Source: Gemini,Draft
GU-145,Know Me,guess,prediction,Standard,How do I communicate when I am mildly annoyed with someone?,¿Cómo me me comunico si estoy levemente molesto/a con alguien?,Become slightly quiet / subtle,Me pongo callado/a o sutil,Say it directly immediately,Lo digo directo de una,awkward,both,2,communication;habits,FALSE,after_both_answer,Conflict communication style | Source: Gemini,Draft
GU-146,Know Me,guess,prediction,Standard,Am I more likely to re-read a book I loved or read something new?,¿Soy más de releer un libro amado o buscar algo nuevo?,Re-read loved books,Releer favoritos,Explore new reads,Buscar lecturas nuevas,cute,both,1,media;comfort,FALSE,after_both_answer,Re-read tendency | Source: Gemini,Draft
GU-147,Know Me,guess,prediction,Standard,What is my habit when setting my phone to silent mode?,¿Cuál es mi hábito con el modo silencio del celular?,Permanent silent mode forever,Modo silencio para siempre,Ringer volume high always,Volumen de timbre siempre alto,random,both,1,tech;habits,FALSE,after_both_answer,Phone ringer habit | Source: Gemini,Draft
GU-148,Know Me,guess,prediction,Standard,How do I act when trying a new outdoor sport/activity?,¿Cómo actúo al probar un deporte nuevo al aire libre?,Go all in with full energy,Le entro con todo,Proceed with careful caution,Voy con mucha precaución,playful,both,1,lifestyle;habits,FALSE,after_both_answer,New sport approach | Source: Gemini,Draft
GU-149,Know Me,guess,prediction,Standard,What is my tendency with online shopping carts?,¿Qué suelo hacer con los carritos de compra en línea?,Leave items for weeks,Dejar cosas semanas ahí,Buy immediately on spot,Comprar de inmediato,clever,both,1,habits;lifestyle,FALSE,after_both_answer,Shopping cart behavior | Source: Gemini,Draft
GU-150,Know Me,guess,prediction,Standard,How do I feel about public speaking or group introductions?,¿Qué siento ante hablar en público o presentarme en grupo?,Mild anxiety inside,Cierta ansiedad interna,Totally comfortable,Totalmente cómodo/a,awkward,both,1,social;reactions,FALSE,after_both_answer,Public speaking feeling | Source: Gemini,Draft
GU-151,Know Me,guess,prediction,Standard,What is my go-to response to a bad day?,¿Cuál es mi respuesta clásica a un mal día?,Solitude and quiet reset,Soledad y silencio,Venting to someone close,Desahogarme conversando,warm,both,2,comfort;habits,FALSE,after_both_answer,Bad day reset habit | Source: Gemini,Draft
GU-152,Know Me,guess,prediction,Standard,Am I more likely to save money for long goals or spend on experiences now?,¿Soy de ahorrar para metas largas o gastar en experiencias hoy?,Save for long goals,Ahorrar a largo plazo,Spend on present experiences,Gastar en el presente,clever,both,1,lifestyle;mindset,FALSE,after_both_answer,Money mindset | Source: Gemini,Draft
GU-153,Know Me,guess,prediction,Standard,What is my attitude toward movie trailers?,¿Cuál es mi postura sobre los tráilers de películas?,Watch every single one,Ver cada uno disponible,Avoid them to save surprises,Evitarlos para no arruinar la peli,cinematic,both,1,media;habits,FALSE,after_both_answer,Trailer viewing habit | Source: Gemini,Draft
GU-154,Know Me,guess,prediction,Standard,How do I react when someone plays a song I dislike?,¿Cómo reacciono si alguien pone una canción que no me gusta?,Endure it politely,Agusto con amabilidad,Politely suggest changing it,Sugiero cambiarla con tacto,playful,both,1,media;reactions,FALSE,after_both_answer,Bad music tolerance | Source: Gemini,Draft
GU-155,Know Me,guess,prediction,Standard,What is my style when writing messages or comments?,¿Cuál es mi estilo al escribir mensajes o comentarios?,Short concise texts,Mensajes cortos y directos,Detailed descriptive messages,Mensajes detallados y largos,cute,both,1,texting;communication,FALSE,after_both_answer,Message length style | Source: Gemini,Draft
GU-156,Know Me,guess,prediction,Standard,Am I better at waking up early or staying up very late?,¿Soy mejor despertando temprano o desvelándome hasta tarde?,Early morning person,Despertar temprano,Night owl stay up,Desvelarme tarde,random,both,1,lifestyle;habits,FALSE,after_both_answer,Circadian preference | Source: Gemini,Draft
GU-157,Know Me,guess,prediction,Standard,How do I act when I hear gossip that doesn't involve me?,¿Cómo actúo si escucho un chisme que no me involucra?,Listen with intense curiosity,Escucho con curiosidad,Ignore it completely,Me da igual completamente,chaotic,both,1,social;chaos,FALSE,after_both_answer,Gossip interest | Source: Gemini,Draft
GU-158,Know Me,guess,prediction,Standard,What is my habit regarding browser tabs on computer/phone?,¿Cuál es mi hábito con las pestañas del navegador?,Keep max 5 tabs open,Máximo 5 pestañas,Keep 50+ tabs open always,Más de 50 pestañas abiertas,clever,both,1,tech;habits,FALSE,after_both_answer,Tab clutter habit | Source: Gemini,Draft
GU-159,Know Me,guess,prediction,Standard,How do I behave when I am in physical pain (like a headache)?,¿Cómo actúo cuando me duele algo (como dolor de cabeza)?,Quietly retreat to rest,Me aíslo a descansar,Mention it out loud,Lo comento en voz alta,warm,both,1,comfort;reactions,FALSE,after_both_answer,Pain behavior | Source: Gemini,Draft
GU-160,Know Me,guess,prediction,Standard,What is my approach to learning a new skill/hobby?,¿Cuál es mi enfoque al aprender una habilidad o hobby nuevo?,Obsess heavily for 2 weeks,Obsesión intensa 2 semanas,Consistent slow pace,Paso constante y lento,playful,both,1,habits;lifestyle,FALSE,after_both_answer,Hobby learning style | Source: Gemini,Draft
GU-161,Know Me,guess,prediction,Standard,Am I more likely to take a photo of a landscape or of people/food?,¿Soy más de tomar foto a paisajes o a personas/comida?,Scenery and landscapes,Paisajes y naturaleza,People and food moments,Personas y momentos,cinematic,both,1,media;travel,FALSE,after_both_answer,Photo focus style | Source: Gemini,Draft
GU-162,Know Me,guess,prediction,Standard,How do I feel about singing karaoke in front of friends?,¿Qué siento sobre cantar karaoke enfrente de amigos?,Love taking the mic,Me encanta tomar el micrófono,Need major convincing,Necesito mucho ruego,chaotic,both,1,social;lifestyle,FALSE,after_both_answer,Karaoke comfort level | Source: Gemini,Draft
GU-163,Know Me,guess,prediction,Standard,What is my default reaction to a sudden loud noise?,¿Cuál es mi reacción automática a un ruido fuerte e inesperado?,Jump noticeably,Dar un brinco evidente,Stay cool and unfazed,Mantener la calma,awkward,both,1,reactions;chaos,FALSE,after_both_answer,Startle reflex | Source: Gemini,Draft
GU-164,Know Me,guess,prediction,Standard,How do I handle leftovers when dining out at a restaurant?,¿Cómo manejo la comida que sobra al cenar fuera?,Take it home always,Pedir para llevar siempre,Leave it at restaurant,Dejarla en el lugar,warm,both,1,food;habits,FALSE,after_both_answer,Restaurant leftovers habit | Source: Gemini,Draft
GU-165,Know Me,guess,prediction,Standard,Am I more drawn to high energy places or quiet minimalist spots?,¿Me atraen más los lugares con mucha energía o los espacios tranquilos?,High energy vibrant spots,Lugares vibrantes y activos,Quiet minimalist places,Espacios tranquilos y simples,clever,both,1,lifestyle;comfort,FALSE,after_both_answer,Venue preference | Source: Gemini,Draft
GU-166,Know Me,guess,prediction,Standard,What is my reaction to finding money unexpectedly in a pocket?,¿Cómo reacciono si encuentro dinero olvidado en un bolsillo?,Pure genuine joy,Alegría pura e inmediata,Cool calm satisfaction,Satisfacción tranquila,cute,both,1,reactions;lifestyle,FALSE,after_both_answer,Pocket cash reaction | Source: Gemini,Draft
GU-167,Know Me,guess,prediction,Standard,How do I feel about movie sequels or remakes?,¿Qué opino de las secuelas o remakes de películas?,Usually skeptical,Suelo ser escéptico/a,Excited to see them,Me emociona verlas,cinematic,both,1,media;habits,FALSE,after_both_answer,Sequel attitude | Source: Gemini,Draft
GU-168,Know Me,guess,prediction,Standard,What is my habit when receiving a long complex message?,¿Cuál es mi hábito al recibir un mensaje largo y complejo?,Read carefully and craft reply,Leer con cuidado y responder,Skim quickly and answer key point,Leer por encima y responder rápido,clever,both,1,texting;communication,FALSE,after_both_answer,Long text processing | Source: Gemini,Draft
GU-169,Know Me,guess,prediction,Standard,Am I more likely to plan outfits days ahead or pick 5 minutes before leaving?,¿Soy de planear ropa días antes o elegir 5 min antes de salir?,Plan days ahead,Planear días antes,Pick 5 mins before,Elegir 5 min antes,random,both,1,lifestyle;habits,FALSE,after_both_answer,Outfit planning style | Source: Gemini,Draft
GU-170,Know Me,guess,prediction,Standard,How do I behave when I am in a super good mood?,¿Cómo me comporto cuando ando de excelente humor?,Sing/hum around house,Cantar o tararear,Offer help and make jokes,Hacer bromas y ayudar,cute,both,1,reactions;warmth,FALSE,after_both_answer,Good mood tell | Source: Gemini,Draft
GU-171,Know Me,guess,prediction,Standard,What is my attitude toward taking long walks with no destination?,¿Cuál es mi postura sobre dar caminatas largas sin rumbo?,Love wandering around,Me encanta caminar sin rumbo,Prefer having a goal stop,Prefiero tener un destino claro,warm,both,1,lifestyle;comfort,FALSE,after_both_answer,Wandering walk attitude | Source: Gemini,Draft
GU-172,Know Me,guess,prediction,Standard,How do I handle having a minor disagreement with someone close?,¿Cómo manejo un desacuerdo menor con alguien cercano?,Address it directly right away,Hablarlo directo al momento,Let it cool off before speaking,Dejar enfriar antes de hablar,clever,both,2,communication;habits,FALSE,after_both_answer,Minor conflict approach | Source: Gemini,Draft
GU-173,Know Me,guess,prediction,Standard,What is my default snack choice during a long movie?,¿Cuál es mi snack por defecto durante una peli larga?,Classic popcorn,Palomitas clásicas,Gummies or candies,Gomitas o dulces,playful,both,1,food;media,FALSE,after_both_answer,Movie snack choice | Source: Gemini,Draft
GU-174,Know Me,guess,prediction,Standard,Am I more likely to keep my phone on vibrate or full volume ring?,¿Soy de mantener el celular en vibración o con sonido alto?,Vibrate mode only,Modo vibración únicamente,Full volume sound,Sonido con volumen,random,both,1,tech;habits,FALSE,after_both_answer,Ringer setting preference | Source: Gemini,Draft
GU-175,Know Me,guess,prediction,Standard,How do I react when someone takes a photo of me unexpectedly?,¿Cómo reacciono si me toman una foto desprevenido/a?,Pose playfully,Hago una pose divertida,Hide or block camera,Me tapo o me quito,awkward,both,1,reactions;media,FALSE,after_both_answer,Candid photo reaction | Source: Gemini,Draft
GU-176,Know Me,guess,prediction,Standard,What is my preference for weekend social events?,¿Cuál es mi preferencia para eventos sociales el fin de semana?,Small quiet gatherings,Reuniones pequeñas y tranquilas,Big lively parties,Fiestas grandes y concurridas,warm,both,1,social;lifestyle,FALSE,after_both_answer,Party size preference | Source: Gemini,Draft
GU-177,Know Me,guess,prediction,Standard,How do I handle reading a book with very small text print?,¿Cómo manejo leer un libro con letra súper pequeña?,Doesn't bother me at all,No me molesta para nada,Annoyed and prefer clear text,Me molesta y prefiero letra clara,slightly_weird,both,1,habits;media,FALSE,after_both_answer,Text readability sensitivity | Source: Gemini,Draft
GU-178,Know Me,guess,prediction,Standard,What is my overall energy vibe during late night chats?,¿Cuál es mi vibra de energía durante pláticas nocturnas?,Deep philosophical talks,Pláticas profundas y filosóficas,Silly random laughs,Risas tontas y ocurrencias,warm,both,1,communication;comfort,FALSE,after_both_answer,Late night chat vibe | Source: Gemini,Draft
WH-071,This or That,who,vote,Standard,Who is more likely to spend 20 minutes picking a movie and then fall asleep?,¿Quién es más probable que tarde 20 minutos eligiendo peli y se duerma?,Player A,Player A,Player B,Player B,playful,same_place,1,media;habits,FALSE,simultaneous_reveal,Movie night dynamic | Source: Gemini,Draft
WH-072,This or That,who,vote,Standard,Who would survive longer in a mild zombie apocalypse?,¿Quién sobreviviría más tiempo en un apocalipsis zombie leve?,Player A,Player A,Player B,Player B,chaotic,both,1,hypothetical;chaos,FALSE,simultaneous_reveal,Fun survival prompt | Source: Gemini,Draft
WH-073,This or That,who,vote,Standard,Who holds a minor grudge longer over something silly?,¿Quién guarda un mini rencor por más tiempo por algo tonto?,Player A,Player A,Player B,Player B,clever,both,1,habits;awkward,FALSE,simultaneous_reveal,Playful call-out | Source: Gemini,Draft
WH-074,This or That,who,vote,Standard,Who is more likely to order the same exact dish every single time?,¿Quién es más probable que pida exactamente lo mismo cada vez?,Player A,Player A,Player B,Player B,warm,same_place,1,food;habits,FALSE,simultaneous_reveal,Routine check | Source: Gemini,Draft
WH-075,This or That,who,vote,Standard,Who has the messier desktop or camera roll right now?,¿Quién tiene el escritorio o carrete de fotos más caótico ahora?,Player A,Player A,Player B,Player B,random,both,1,habits;tech,FALSE,simultaneous_reveal,Digital clutter prompt | Source: Gemini,Draft
WH-076,This or That,who,vote,Standard,Who is more likely to text 'on my way' while still getting dressed?,¿Quién manda 'ya voy en camino' estando aún sin vestirse?,Player A,Player A,Player B,Player B,playful,both,1,habits;texting,FALSE,simultaneous_reveal,Punctuality humor | Source: Gemini,Draft
WH-077,This or That,who,vote,Standard,Who is more likely to laugh out loud in a totally silent room?,¿Quién es más probable que se ría a carcajadas en un cuarto en silencio?,Player A,Player A,Player B,Player B,chaotic,both,1,social;chaos,FALSE,simultaneous_reveal,Social awkwardness check | Source: Gemini,Draft
WH-078,This or That,who,vote,Standard,Who would last longer on a deserted island with zero internet?,¿Quién aguantaría más tiempo en una isla desierta sin internet?,Player A,Player A,Player B,Player B,clever,both,1,hypothetical;lifestyle,FALSE,simultaneous_reveal,Offline resilience | Source: Gemini,Draft
WH-079,This or That,who,vote,Standard,Who is more likely to accidentally break a glass at a dinner party?,¿Quién es más probable que rompa un vaso por error en una cena?,Player A,Player A,Player B,Player B,awkward,same_place,1,chaos;habits,FALSE,simultaneous_reveal,Clumsiness prompt | Source: Gemini,Draft
WH-080,This or That,who,vote,Standard,Who adopts a new random hyper-fixation hobby every two months?,¿Quién adopta un hobby nuevo e intenso cada dos meses?,Player A,Player A,Player B,Player B,playful,both,1,habits;lifestyle,FALSE,simultaneous_reveal,Hyperfixation check | Source: Gemini,Draft
WH-081,This or That,who,vote,Standard,Who is more likely to stay up until 4 AM reading Wikipedia articles?,¿Quién es más de quedarse hasta las 4 AM leyendo datos aleatorios?,Player A,Player A,Player B,Player B,random,both,1,habits;curiosity,FALSE,simultaneous_reveal,Night owl curiosity | Source: Gemini,Draft
WH-082,This or That,who,vote,Standard,Who takes better spontaneous photos on trips?,¿Quién toma mejores fotos espontáneas durante los viajes?,Player A,Player A,Player B,Player B,cinematic,both,1,travel;media,FALSE,simultaneous_reveal,Travel eye | Source: Gemini,Draft
WH-083,This or That,who,vote,Standard,Who is more likely to eat an entire bag of chips without realizing it?,¿Quién es más probable que se acabe una bolsa de papas sin darse cuenta?,Player A,Player A,Player B,Player B,cute,both,1,food;habits,FALSE,simultaneous_reveal,Snacking habit | Source: Gemini,Draft
WH-084,This or That,who,vote,Standard,Who gets more competitive during a casual friendly board game?,¿Quién se pone más competitivo/a en un juego de mesa casual?,Player A,Player A,Player B,Player B,playful,same_place,1,habits;social,FALSE,simultaneous_reveal,Competitive spirit | Source: Gemini,Draft
WH-085,This or That,who,vote,Standard,Who is more likely to get lost inside a simple shopping mall?,¿Quién es más probable que se pierda dentro de un centro comercial?,Player A,Player A,Player B,Player B,awkward,both,1,travel;habits,FALSE,simultaneous_reveal,Sense of direction | Source: Gemini,Draft
WH-086,This or That,who,vote,Standard,Who has a more erratic sleep schedule?,¿Quién tiene un horario de sueño más caótico e impredecible?,Player A,Player A,Player B,Player B,chaotic,both,1,habits;lifestyle,FALSE,simultaneous_reveal,Sleep rhythm | Source: Gemini,Draft
WH-087,This or That,who,vote,Standard,Who is more likely to send 10 short text messages in a row?,¿Quién es más probable que mande 10 mensajes cortos seguidos?,Player A,Player A,Player B,Player B,clever,both,1,texting;communication,FALSE,simultaneous_reveal,Texting style | Source: Gemini,Draft
WH-088,This or That,who,vote,Standard,Who would be better at negotiating a lower price at a flea market?,¿Quién sería mejor regateando un precio en un mercadito?,Player A,Player A,Player B,Player B,clever,both,1,social;lifestyle,FALSE,simultaneous_reveal,Negotiation skills | Source: Gemini,Draft
WH-089,This or That,who,vote,Standard,Who gets more emotional over an animated movie ending?,¿Quién se emociona más con el final de una peli animada?,Player A,Player A,Player B,Player B,cute,both,1,media;warmth,FALSE,simultaneous_reveal,Emotional soft spot | Source: Gemini,Draft
WH-090,This or That,who,vote,Standard,Who is more likely to accidentally leave their keys in the door lock?,¿Quién es más probable que deje las llaves pegadas en la puerta?,Player A,Player A,Player B,Player B,awkward,both,1,habits;chaos,FALSE,simultaneous_reveal,Forgetfulness check | Source: Gemini,Draft
WH-091,This or That,who,vote,Standard,Who spends more time deciding what to wear for a simple casual dinner?,¿Quién tarda más eligiendo qué ponerse para una cena casual?,Player A,Player A,Player B,Player B,warm,both,1,lifestyle;habits,FALSE,simultaneous_reveal,Outfit prep time | Source: Gemini,Draft
WH-092,This or That,who,vote,Standard,Who is more likely to become best friends with a street cat on vacation?,¿Quién es más probable que se haga amigo de un gato callejero de viaje?,Player A,Player A,Player B,Player B,cute,both,1,travel;cute,FALSE,simultaneous_reveal,Animal magnet | Source: Gemini,Draft
WH-093,This or That,who,vote,Standard,Who has a harder time throwing away cool empty bottles or boxes?,¿A quién le cuesta más tirar frascos o cajas vacías bonitas?,Player A,Player A,Player B,Player B,slightly_weird,both,1,habits;lifestyle,FALSE,simultaneous_reveal,Hoarding tendency | Source: Gemini,Draft
WH-094,This or That,who,vote,Standard,Who is more likely to start singing in the shower at full volume?,¿Quién es más probable que empiece a cantar en la regadera a todo volumen?,Player A,Player A,Player B,Player B,playful,both,1,lifestyle;habits,FALSE,simultaneous_reveal,Shower singer | Source: Gemini,Draft
WH-095,This or That,who,vote,Standard,Who would make a better emergency flight pilot with zero training?,¿Quién sería mejor piloto de emergencia sin ningún entrenamiento?,Player A,Player A,Player B,Player B,chaotic,both,1,hypothetical;chaos,FALSE,simultaneous_reveal,Wild confidence | Source: Gemini,Draft
WH-096,This or That,who,vote,Standard,Who is more likely to re-read an unread text message 5 times before replying?,¿Quién lee 5 veces un mensaje antes de responder?,Player A,Player A,Player B,Player B,clever,both,1,texting;habits,FALSE,simultaneous_reveal,Text overthinking | Source: Gemini,Draft
WH-097,This or That,who,vote,Standard,Who is more likely to drop their phone directly on their face in bed?,¿A quién se le cae más el celular directo en la cara estando acostado/a?,Player A,Player A,Player B,Player B,awkward,both,1,habits;chaos,FALSE,simultaneous_reveal,Bed clumsy fail | Source: Gemini,Draft
WH-098,This or That,who,vote,Standard,Who gets hangover symptoms just from looking at a second cocktail?,¿A quién le da resaca solo de ver un segundo cóctel?,Player A,Player A,Player B,Player B,playful,both,1,lifestyle;habits,FALSE,simultaneous_reveal,Alcohol tolerance humor | Source: Gemini,Draft
WH-099,This or That,who,vote,Standard,Who is more likely to plan a surprise party and accidentally ruin it?,¿Quién organiza una fiesta sorpresa y se le sale arruinarla por accidente?,Player A,Player A,Player B,Player B,chaotic,both,1,social;chaos,FALSE,simultaneous_reveal,Surprise spoiler | Source: Gemini,Draft
WH-100,This or That,who,vote,Standard,Who keeps more open tabs in their phone web browser right now?,¿Quién tiene más pestañas abiertas en el navegador del cel justo ahora?,Player A,Player A,Player B,Player B,random,both,1,tech;habits,FALSE,simultaneous_reveal,Digital habits | Source: Gemini,Draft
WH-101,This or That,who,vote,Standard,Who is more likely to cry during a heartwarming commercial?,¿Quién lloraría más viendo un comercial conmovedor?,Player A,Player A,Player B,Player B,cute,both,1,media;warmth,FALSE,simultaneous_reveal,Soft heart check | Source: Gemini,Draft
WH-102,This or That,who,vote,Standard,Who would win in a trivia contest about 2000s pop culture?,¿Quién ganaría una trivia sobre cultura pop de los 2000s?,Player A,Player A,Player B,Player B,clever,both,1,media;memories,FALSE,simultaneous_reveal,Nostalgia trivia | Source: Gemini,Draft
WH-103,This or That,who,vote,Standard,Who is more likely to burn toast while looking straight at the toaster?,¿Quién es más probable que queme el pan viendo directo al tostador?,Player A,Player A,Player B,Player B,slightly_weird,both,1,food;habits,FALSE,simultaneous_reveal,Kitchen distraction | Source: Gemini,Draft
WH-104,This or That,who,vote,Standard,Who spends more time curating playlists for specific niche moods?,¿Quién pasa más tiempo armando playlists para estados de ánimo raros?,Player A,Player A,Player B,Player B,cinematic,both,1,media;lifestyle,FALSE,simultaneous_reveal,Curator music habit | Source: Gemini,Draft
WH-105,This or That,who,vote,Standard,Who is more likely to say 'yes' to a wild last-minute road trip?,¿Quién diría 'sí' más fácil a un viaje improvisado de última hora?,Player A,Player A,Player B,Player B,playful,both,1,travel;lifestyle,FALSE,simultaneous_reveal,Spontaneity check | Source: Gemini,Draft
WH-106,This or That,who,vote,Standard,Who is more likely to forget where they parked in a multi-story garage?,¿Quién olvida en qué piso se estacionó en un estacionamiento?,Player A,Player A,Player B,Player B,awkward,both,1,habits;chaos,FALSE,simultaneous_reveal,Parking brain fail | Source: Gemini,Draft
WH-107,This or That,who,vote,Standard,Who would last longer living in total solitude in a cabin for 1 month?,¿Quién aguantaría más viviendo un mes solo/a en una cabaña?,Player A,Player A,Player B,Player B,warm,both,1,lifestyle;comfort,FALSE,simultaneous_reveal,Solitude comfort | Source: Gemini,Draft
WH-108,This or That,who,vote,Standard,Who is more likely to try a ridiculously spicy salsa just to prove a point?,¿Quién probaría una salsa picosísima solo por orgullo?,Player A,Player A,Player B,Player B,chaotic,both,1,food;chaos,FALSE,simultaneous_reveal,Spicy bravado | Source: Gemini,Draft
WH-109,This or That,who,vote,Standard,Who has more random unread notifications on their lock screen?,¿Quién tiene más notificaciones acumuladas en la pantalla de bloqueo?,Player A,Player A,Player B,Player B,random,both,1,tech;habits,FALSE,simultaneous_reveal,Screen clutter | Source: Gemini,Draft
WH-110,This or That,who,vote,Standard,Who is more likely to talk to plants or home appliances?,¿Quién es más probable que le hable a las plantas o a la freidora?,Player A,Player A,Player B,Player B,slightly_weird,both,1,habits;weird,FALSE,simultaneous_reveal,Talking to objects | Source: Gemini,Draft
WH-111,This or That,who,vote,Standard,Who is better at giving directions without opening GPS maps?,¿Quién es mejor dando direcciones sin abrir la aplicación de mapas?,Player A,Player A,Player B,Player B,clever,both,1,travel;habits,FALSE,simultaneous_reveal,Sense of orientation | Source: Gemini,Draft
WH-112,This or That,who,vote,Standard,Who is more likely to over-explain a simple story for 15 minutes?,¿Quién es más probable que extienda una historia simple por 15 minutos?,Player A,Player A,Player B,Player B,playful,both,1,communication;habits,FALSE,simultaneous_reveal,Storytelling style | Source: Gemini,Draft
WH-113,This or That,who,vote,Standard,Who would win a dance-off at an impromptu house party?,¿Quién ganaría un duelo de baile improvisado en una reunión?,Player A,Player A,Player B,Player B,chaotic,both,1,social;lifestyle,FALSE,simultaneous_reveal,Party energy | Source: Gemini,Draft
WH-114,This or That,who,vote,Standard,Who is more likely to buy something cool purely because the packaging was pretty?,¿Quién compraría algo solo porque el empaque se veía bonito?,Player A,Player A,Player B,Player B,cute,both,1,lifestyle;habits,FALSE,simultaneous_reveal,Aesthetic shopper | Source: Gemini,Draft
WH-115,This or That,who,vote,Standard,Who is more likely to notice a tiny change in someone's hair or outfit?,¿Quién nota primero un cambio mínimo en el pelo o ropa de alguien?,Player A,Player A,Player B,Player B,warm,both,1,social;attraction,FALSE,simultaneous_reveal,Observation skills | Source: Gemini,Draft
WH-116,This or That,who,vote,Standard,Who gets more annoyed by someone chewing softly next to them?,¿A quién le molesta más oír a alguien masticar bajito cerca?,Player A,Player A,Player B,Player B,awkward,both,1,habits;comfort,FALSE,simultaneous_reveal,Noise sensitivity | Source: Gemini,Draft
WH-117,This or That,who,vote,Standard,Who is more likely to leave a cup of coffee half-full and forget it?,¿Quién deja una taza de café a la mitad y se le olvida?,Player A,Player A,Player B,Player B,random,both,1,food;habits,FALSE,simultaneous_reveal,Forgotten beverage | Source: Gemini,Draft
WH-118,This or That,who,vote,Standard,Who would be better at keeping a major secret under pressure?,¿Quién guardaría mejor un secreto importante bajo presión?,Player A,Player A,Player B,Player B,clever,both,1,communication;social,FALSE,simultaneous_reveal,Secret keeping power | Source: Gemini,Draft
WH-119,This or That,who,vote,Standard,Who is more likely to research a restaurant's menu hours before going?,¿Quién revisa el menú del restaurante horas antes de ir?,Player A,Player A,Player B,Player B,warm,both,1,food;habits,FALSE,simultaneous_reveal,Menu pre-planner | Source: Gemini,Draft
WH-120,This or That,who,vote,Standard,Who gets sleepy first during a late night group hang?,¿Quién se adormila primero en una reunión de noche?,Player A,Player A,Player B,Player B,cute,both,1,lifestyle;comfort,FALSE,simultaneous_reveal,Night battery limit | Source: Gemini,Draft
WH-121,This or That,who,vote,Standard,Who is more likely to start a sentence with 'I read somewhere that...'?,¿Quién empieza más oraciones diciendo 'leí por ahí que...'?,Player A,Player A,Player B,Player B,clever,both,1,habits;curiosity,FALSE,simultaneous_reveal,Random facts habit | Source: Gemini,Draft
WH-122,This or That,who,vote,Standard,Who is more likely to wear mismatched socks on purpose?,¿Quién usaría calcetines desparejados a propósito?,Player A,Player A,Player B,Player B,slightly_weird,both,1,lifestyle;habits,FALSE,simultaneous_reveal,Eccentric style | Source: Gemini,Draft
WH-123,This or That,who,vote,Standard,Who would handle a sudden power outage with more calm?,¿Quién reaccionaría con más calma ante un apagón repentino?,Player A,Player A,Player B,Player B,warm,both,1,chaos;lifestyle,FALSE,simultaneous_reveal,Calm in mild crisis | Source: Gemini,Draft
WH-124,This or That,who,vote,Standard,Who is more likely to overthink a simple 3-word message?,¿Quién le da más vueltas a un mensaje simple de 3 palabras?,Player A,Player A,Player B,Player B,awkward,both,1,texting;attraction,FALSE,simultaneous_reveal,Overthinker trait | Source: Gemini,Draft
WH-125,This or That,who,vote,Standard,Who is more likely to buy a gadget they definitely do not need?,¿Quién compraría un gadget que definitivamente no necesita?,Player A,Player A,Player B,Player B,random,both,1,tech;lifestyle,FALSE,simultaneous_reveal,Impulse buyer | Source: Gemini,Draft
WH-126,This or That,who,vote,Standard,Who would be better at navigating a crowded flea market or festival?,¿Quién se movería mejor entre la multitud de un festival?,Player A,Player A,Player B,Player B,playful,both,1,social;travel,FALSE,simultaneous_reveal,Crowd navigation | Source: Gemini,Draft
WH-127,This or That,who,vote,Standard,Who is more likely to misplace their phone while holding it?,¿A quién se le pierde el celular teniéndolo en la mano?,Player A,Player A,Player B,Player B,chaotic,both,1,habits;chaos,FALSE,simultaneous_reveal,In-hand brain fail | Source: Gemini,Draft
WH-128,This or That,who,vote,Standard,Who gives better more personalized gifts?,¿Quién da regalos más pensados y personalizados?,Player A,Player A,Player B,Player B,warm,both,1,lifestyle;attraction,FALSE,simultaneous_reveal,Gifting talent | Source: Gemini,Draft
WH-129,This or That,who,vote,Standard,Who is more likely to take a 3-hour nap by accident?,¿Quién se echa una siesta de 3 horas por accidente?,Player A,Player A,Player B,Player B,cute,both,1,habits;comfort,FALSE,simultaneous_reveal,Accidental long nap | Source: Gemini,Draft
WH-130,This or That,who,vote,Standard,Who is more likely to binge-watch a series they claim to hate?,¿Quién se echa completa una serie que según odiaba?,Player A,Player A,Player B,Player B,clever,both,1,media;habits,FALSE,simultaneous_reveal,Hate-watching habit | Source: Gemini,Draft
WH-131,This or That,who,vote,Standard,Who is more likely to accidentally wave at someone who wasn't looking at them?,¿Quién le saluda por error a alguien que ni lo estaba viendo?,Player A,Player A,Player B,Player B,awkward,both,1,social;awkward,FALSE,simultaneous_reveal,Waving mistake | Source: Gemini,Draft
WH-132,This or That,who,vote,Standard,Who is more likely to suggest getting fast food at 1 AM?,¿Quién propone pedir comida rápida a la 1 AM?,Player A,Player A,Player B,Player B,chaotic,both,1,food;habits,FALSE,simultaneous_reveal,Late night munchies | Source: Gemini,Draft
WH-133,This or That,who,vote,Standard,Who would make a better tour guide in a city they've never visited?,¿Quién sería mejor guía de turistas en una ciudad que no conoce?,Player A,Player A,Player B,Player B,playful,both,1,travel;hypothetical,FALSE,simultaneous_reveal,Improv tour guide | Source: Gemini,Draft
WH-134,This or That,who,vote,Standard,Who is more likely to get intensely invested in a reality show?,¿Quién se engancha de más con un reality show?,Player A,Player A,Player B,Player B,random,both,1,media;lifestyle,FALSE,simultaneous_reveal,Reality TV obsession | Source: Gemini,Draft
WH-135,This or That,who,vote,Standard,Who is more likely to leave a voicemail on purpose?,¿Quién dejaría un buzón de voz a propósito hoy en día?,Player A,Player A,Player B,Player B,slightly_weird,both,1,texting;habits,FALSE,simultaneous_reveal,Retro communication | Source: Gemini,Draft
WH-136,This or That,who,vote,Standard,Who takes longer to pack their bags for a weekend trip?,¿Quién tarda más empacando para un viaje de fin de semana?,Player A,Player A,Player B,Player B,warm,both,1,travel;habits,FALSE,simultaneous_reveal,Packing speed | Source: Gemini,Draft
WH-137,This or That,who,vote,Standard,Who is more likely to assemble furniture without looking at the instructions?,¿Quién arma un mueble sin ver las instrucciones?,Player A,Player A,Player B,Player B,chaotic,both,1,habits;lifestyle,FALSE,simultaneous_reveal,Instruction skipper | Source: Gemini,Draft
WH-138,This or That,who,vote,Standard,Who is more likely to know the lyrics to a random song from 2010?,¿Quién se sabe la letra de una canción equis del 2010?,Player A,Player A,Player B,Player B,clever,both,1,media;memories,FALSE,simultaneous_reveal,Song lyrics memory | Source: Gemini,Draft
WH-139,This or That,who,vote,Standard,Who has a higher tolerance for super cold weather?,¿Quién tiene mayor tolerancia al frío extremo?,Player A,Player A,Player B,Player B,warm,both,1,comfort;habits,FALSE,simultaneous_reveal,Cold resistance | Source: Gemini,Draft
WH-140,This or That,who,vote,Standard,Who is more likely to buy fresh flowers for themselves just because?,¿Quién se compraría flores frescas solo porque sí?,Player A,Player A,Player B,Player B,cute,both,1,lifestyle;comfort,FALSE,simultaneous_reveal,Self care habit | Source: Gemini,Draft
WH-141,This or That,who,vote,Standard,Who is more likely to misread a situation and make a funny awkward comment?,¿Quién malinterpreta una situación y hace un comentario raro?,Player A,Player A,Player B,Player B,awkward,both,1,social;chaos,FALSE,simultaneous_reveal,Awkward comment | Source: Gemini,Draft
WH-142,This or That,who,vote,Standard,Who is more likely to keep a journal or write thoughts down?,¿Quién es más de escribir sus pensamientos o tener diario?,Player A,Player A,Player B,Player B,cinematic,both,1,lifestyle;habits,FALSE,simultaneous_reveal,Journaling habit | Source: Gemini,Draft
WH-143,This or That,who,vote,Standard,Who gets more excited about trying a weird snack flavor?,¿Quién se emociona más por probar un snack de sabor raro?,Player A,Player A,Player B,Player B,playful,both,1,food;habits,FALSE,simultaneous_reveal,Odd flavor curious | Source: Gemini,Draft
WH-144,This or That,who,vote,Standard,Who would win in an arm wrestling match right now?,¿Quién ganaría en vencidas justo en este momento?,Player A,Player A,Player B,Player B,chaotic,same_place,1,habits;chaos,FALSE,simultaneous_reveal,Physical challenge | Source: Gemini,Draft
WH-145,This or That,who,vote,Standard,Who is more likely to text 'we need to hang out' and then not follow up?,¿Quién pone 'tenemos que vernos' y no vuelve a responder?,Player A,Player A,Player B,Player B,awkward,both,1,texting;social,FALSE,simultaneous_reveal,Social flake humor | Source: Gemini,Draft
WH-146,This or That,who,vote,Standard,Who is more likely to adopt a third pet on a whim?,¿Quién adoptaría una mascota más por puro impulso?,Player A,Player A,Player B,Player B,cute,both,1,lifestyle;habits,FALSE,simultaneous_reveal,Impulsive pet owner | Source: Gemini,Draft
WH-147,This or That,who,vote,Standard,Who is better at finding lost objects around the house?,¿Quién es mejor encontrando objetos perdidos en la casa?,Player A,Player A,Player B,Player B,clever,both,1,habits;lifestyle,FALSE,simultaneous_reveal,Item finder skill | Source: Gemini,Draft
WH-148,This or That,who,vote,Standard,Who is more likely to fall asleep with the lights fully on?,¿Quién se queda dormido/a con la luz totalmente prendida?,Player A,Player A,Player B,Player B,random,both,1,comfort;habits,FALSE,simultaneous_reveal,Light sleeper habit | Source: Gemini,Draft
WH-149,This or That,who,vote,Standard,Who spends more time browsing menus without actually ordering anything?,¿Quién pasa más tiempo viendo menús en apps sin pedir nada?,Player A,Player A,Player B,Player B,playful,both,1,food;tech,FALSE,simultaneous_reveal,Menu window shopping | Source: Gemini,Draft
WH-150,This or That,who,vote,Standard,Who would be more convincing when making up a fake excuse?,¿Quién sería más convincente inventando una excusa falsa?,Player A,Player A,Player B,Player B,clever,both,1,social;habits,FALSE,simultaneous_reveal,Excuse maker skill | Source: Gemini,Draft
WH-151,This or That,who,vote,Standard,Who is more likely to take a random road trip detour just to see a weird sign?,¿Quién se desviaría en la carretera solo por ver un letrero raro?,Player A,Player A,Player B,Player B,cinematic,both,1,travel;lifestyle,FALSE,simultaneous_reveal,Detour lover | Source: Gemini,Draft
WH-152,This or That,who,vote,Standard,Who is more likely to accidentally double-book themselves on a Friday night?,¿Quién se agenda dos planes el mismo viernes por error?,Player A,Player A,Player B,Player B,chaotic,both,1,social;habits,FALSE,simultaneous_reveal,Double booking fail | Source: Gemini,Draft
WH-153,This or That,who,vote,Standard,Who gets more nostalgic looking at old childhood photos?,¿Quién se pone más nostálgico/a viendo fotos de la infancia?,Player A,Player A,Player B,Player B,warm,both,1,memories;warmth,FALSE,simultaneous_reveal,Photo nostalgia | Source: Gemini,Draft
WH-154,This or That,who,vote,Standard,Who is more likely to send a voice note that is mostly silence and heavy breathing?,¿Quién manda una nota de voz que es puro silencio y respiración?,Player A,Player A,Player B,Player B,slightly_weird,both,1,texting;chaos,FALSE,simultaneous_reveal,Bad voice note fail | Source: Gemini,Draft
WH-155,This or That,who,vote,Standard,Who is better at keeping quiet during a tense suspenseful movie?,¿Quién guarda más el silencio en un momento de tensión en una peli?,Player A,Player A,Player B,Player B,cinematic,both,1,media;habits,FALSE,simultaneous_reveal,Movie silence discipline | Source: Gemini,Draft
WH-156,This or That,who,vote,Standard,Who is more likely to spend 30 minutes searching for the absolute perfect GIF?,¿Quién pasa 30 minutos buscando el GIF perfecto?,Player A,Player A,Player B,Player B,playful,both,1,texting;habits,FALSE,simultaneous_reveal,GIF perfectionist | Source: Gemini,Draft
WH-157,This or That,who,vote,Standard,Who would be better at surviving a full weekend without their phone?,¿Quién aguantaría mejor un fin de semana entero sin celular?,Player A,Player A,Player B,Player B,warm,both,1,lifestyle;tech,FALSE,simultaneous_reveal,Digital detox resilience | Source: Gemini,Draft
WH-158,This or That,who,vote,Standard,Who is more likely to re-organize a room at 2 AM because of sudden inspiration?,¿Quién se pone a reacomodar un cuarto a las 2 AM por inspiración?,Player A,Player A,Player B,Player B,chaotic,both,1,habits;lifestyle,FALSE,simultaneous_reveal,Late night decor fix | Source: Gemini,Draft
WH-159,This or That,who,vote,Standard,Who gets more excited about grocery shopping in a high-end gourmet market?,¿Quién se emociona más haciendo súper en un mercado gourmet?,Player A,Player A,Player B,Player B,cute,both,1,food;lifestyle,FALSE,simultaneous_reveal,Fancy grocery habit | Source: Gemini,Draft
WH-160,This or That,who,vote,Standard,Who is more likely to spill sauce on a clean white shirt within 5 minutes?,¿Quién se mancha de salsa una camisa blanca en los primeros 5 min?,Player A,Player A,Player B,Player B,awkward,both,1,food;chaos,FALSE,simultaneous_reveal,White shirt curse | Source: Gemini,Draft
WH-161,This or That,who,vote,Standard,Who is better at remembering precise dates of random past events?,¿Quién es mejor recordando fechas exactas de eventos pasados?,Player A,Player A,Player B,Player B,clever,both,1,memories;habits,FALSE,simultaneous_reveal,Date memory skill | Source: Gemini,Draft
WH-162,This or That,who,vote,Standard,Who is more likely to make up new words or nicknames out of nowhere?,¿Quién inventa palabras o apodos raros de la nada?,Player A,Player A,Player B,Player B,playful,both,1,communication;cute,FALSE,simultaneous_reveal,Word maker trait | Source: Gemini,Draft
WH-163,This or That,who,vote,Standard,Who would handle meeting a mega famous celebrity with more chill?,¿Quién mantendría más la calma al conocer a un famoso gigante?,Player A,Player A,Player B,Player B,warm,both,1,social;reactions,FALSE,simultaneous_reveal,Celebrity chill factor | Source: Gemini,Draft
WH-164,This or That,who,vote,Standard,Who is more likely to buy a second cup of coffee purely for the aesthetic cup?,¿Quién pide un segundo café solo porque el vaso está bonito?,Player A,Player A,Player B,Player B,cute,both,1,food;lifestyle,FALSE,simultaneous_reveal,Aesthetic coffee buy | Source: Gemini,Draft
WH-165,This or That,who,vote,Standard,Who is more likely to leave a social event early without anyone noticing?,¿Quién se va temprano de una reunión sin que nadie se dé cuenta?,Player A,Player A,Player B,Player B,clever,both,1,social;habits,FALSE,simultaneous_reveal,Stealth exit skill | Source: Gemini,Draft
WH-166,This or That,who,vote,Standard,Who gets more excited about a sudden thunderstorm outside?,¿Quién se emociona más cuando empieza una tormenta fuerte?,Player A,Player A,Player B,Player B,cinematic,both,1,lifestyle;warmth,FALSE,simultaneous_reveal,Storm lover | Source: Gemini,Draft
WH-167,This or That,who,vote,Standard,Who is more likely to lock themselves out of their own apartment?,¿Quién es más probable que se quede afuera de su departamento?,Player A,Player A,Player B,Player B,awkward,both,1,habits;chaos,FALSE,simultaneous_reveal,Locked out scenario | Source: Gemini,Draft
WH-168,This or That,who,vote,Standard,Who would be more likely to win a casual game of rock-paper-scissors best of 5?,"¿Quién ganaría un piedra, papel o tijera al mejor de 5?",Player A,Player A,Player B,Player B,random,same_place,1,playful;games,FALSE,simultaneous_reveal,Quick rock paper scissors | Source: Gemini,Draft
WH-169,This or That,who,vote,Standard,Who is more likely to save a cute meme for 3 weeks to send at the perfect moment?,¿Quién guarda un meme 3 semanas para mandarlo en el momento exacto?,Player A,Player A,Player B,Player B,clever,both,1,texting;humor,FALSE,simultaneous_reveal,Meme timing perfection | Source: Gemini,Draft
WH-170,This or That,who,vote,Standard,Who is overall the bigger chaos agent in daily decisions?,¿Quién es en general el agente de caos en las decisiones diarias?,Player A,Player A,Player B,Player B,chaotic,both,1,lifestyle;chaos,FALSE,simultaneous_reveal,Ultimate chaos title | Source: Gemini,Draft
HT-B-071,Hot,hot,choice,Bold,Truth: What is one boundary you set that makes you feel completely respected?,Verdad: ¿Qué límite personal te hace sentir totalmente respetado/a?,Share boundary,Compartir límite,Skip prompt,Saltar prompt,warm,both,2,boundaries;respect,TRUE,after_both_answer,Boundary respect truth | Source: Gemini,Approved
HT-B-072,Hot,guess,prediction,Bold,What physical touch style do I find most magnetic?,¿Qué estilo de contacto físico se me hace más magnético?,Firm confident guidance,Firmeza y guía clara,Soft teasing light touches,Caricias suaves e inciertas,cinematic,both,2,touch;magnetism,TRUE,after_both_answer,Magnetic touch style guess | Source: Gemini,Approved
HT-B-073,Hot,hot,choice,Bold,Challenge: Trace the line of my jaw with your fingertips for 10 seconds.,Reto: Traza la línea de mi mandíbula con la yema de tus dedos 10s.,Accept challenge,Aceptar reto,Pass,Pasar,flirty,same_place,2,touch;jawline,TRUE,after_both_answer,Jawline trace challenge | Source: Gemini,Approved
HT-B-074,Hot,guess,prediction,Bold,How do I express physical satisfaction without using words?,¿Cómo expreso satisfacción física sin usar palabras?,Relaxing my whole body posture,Relajando mi postura por completo,Pulling you in for a tight hug,Jalándote hacia un abrazo apretado,warm,both,2,expression;satisfaction,TRUE,after_both_answer,Physical satisfaction guess | Source: Gemini,Approved
HT-B-075,Hot,hot,choice,Bold,Would you rather take total charge of the mood tonight or surrender control entirely?,¿Prefieres tomar el control total del ambiente hoy o cederlo por completo?,Take total charge,Tomar el control,Surrender control,Ceder el control,flirty,both,2,control;roles,TRUE,after_both_answer,Role control prompt | Source: Gemini,Approved
HT-F-001,Hot,hot,choice,Flirty,what's more dangerous?,¿qué es más peligroso?,eye contact that lasts too long,contacto visual que dura de más,a voice that gets in your head,una voz que se te queda en la cabeza,flirt,both,1,attraction,TRUE,after_both_answer,18+ mode; mutual consent gate; skip always available.,Approved
HT-F-002,Hot,hot,choice,Flirty,what gets your attention faster?,¿qué te llama la atención más rápido?,smile,sonrisa,confidence,seguridad,flirt,both,1,attraction,TRUE,after_both_answer,18+ mode; mutual consent gate; skip always available.,Approved
HT-F-003,Hot,hot,choice,Flirty,which feels more intimate?,¿qué se siente más íntimo?,holding hands,tomarse de la mano,forehead kiss,beso en la frente,flirt,same_place,1,affection,TRUE,after_both_answer,18+ mode; mutual consent gate; skip always available.,Approved
HT-F-004,Hot,hot,choice,Flirty,what would make you blush more?,¿qué te haría sonrojar más?,a bold compliment,un cumplido atrevido,a long stare,una mirada larga,flirt,both,1,chemistry,TRUE,after_both_answer,18+ mode; mutual consent gate; skip always available.,Approved
HT-F-005,Hot,hot,choice,Flirty,pick the better tension,elige la mejor tensión,almost kissing,casi besarse,whispering close,hablar cerquita,flirt,same_place,1,chemistry,TRUE,after_both_answer,18+ mode; mutual consent gate; skip always available.,Approved
HT-F-006,Hot,hot,choice,Flirty,which message hits harder?,¿qué mensaje pega más?,wish you were here,ojalá estuvieras aquí,can't stop thinking about you,no dejo de pensar en ti,flirt,apart,1,texting,TRUE,after_both_answer,18+ mode; mutual consent gate; skip always available.,Approved
HT-F-007,Hot,hot,choice,Flirty,what's more attractive?,¿qué es más atractivo?,being funny,ser divertido/a,being mysterious,ser misterioso/a,flirt,both,1,attraction,TRUE,after_both_answer,18+ mode; mutual consent gate; skip always available.,Approved
HT-F-008,Hot,hot,choice,Flirty,better first move?,¿mejor primer movimiento?,touch their hand,tocar su mano,say exactly what you want,decir exactamente lo que quieres,flirt,same_place,1,dating,TRUE,after_both_answer,18+ mode; mutual consent gate; skip always available.,Approved
HT-F-009,Hot,hot,choice,Flirty,what feels more electric?,¿qué se siente más eléctrico?,accidental touch,roce accidental,intentional closeness,cercanía intencional,flirt,same_place,1,chemistry,TRUE,after_both_answer,18+ mode; mutual consent gate; skip always available.,Approved
HT-F-010,Hot,hot,choice,Flirty,which is hotter?,¿qué es más hot?,dressed up,muy arreglado/a,casual and effortless,casual sin esfuerzo,flirt,both,1,style,TRUE,after_both_answer,18+ mode; mutual consent gate; skip always available.,Approved
HT-F-011,Hot,hot,choice,Flirty,what would you rather receive?,¿qué preferirías recibir?,a flirty photo,una foto coqueta,a dangerous voice note,un audio peligroso,flirt,apart,1,remote,TRUE,after_both_answer,18+ mode; mutual consent gate; skip always available.,Approved
HT-F-012,Hot,hot,choice,Flirty,which compliment would hit harder?,¿qué cumplido pegaría más?,you look incredible,te ves increíble,I love your energy,amo tu energía,flirt,both,1,compliment,TRUE,after_both_answer,18+ mode; mutual consent gate; skip always available.,Approved
HT-F-013,Hot,hot,choice,Flirty,what's more intimate from far away?,¿qué es más íntimo a distancia?,late-night call,llamada de madrugada,voice notes all day,audios todo el día,flirt,apart,1,remote,TRUE,after_both_answer,18+ mode; mutual consent gate; skip always available.,Approved
HT-F-014,Hot,hot,choice,Flirty,choose the better chemistry test,elige la mejor prueba de química,dance together,bailar juntos,cook together,cocinar juntos,flirt,same_place,1,chemistry,TRUE,after_both_answer,18+ mode; mutual consent gate; skip always available.,Approved
HT-F-015,Hot,hot,choice,Flirty,what makes a goodbye harder?,¿qué hace una despedida más difícil?,one last hug,un abrazo más,one last kiss,un beso más,flirt,same_place,1,affection,TRUE,after_both_answer,18+ mode; mutual consent gate; skip always available.,Approved
HT-F-016,Hot,hot,choice,Flirty,which creates more tension?,¿qué crea más tensión?,sitting very close,sentarse muy cerca,standing face to face,estar frente a frente,flirt,same_place,1,chemistry,TRUE,after_both_answer,18+ mode; mutual consent gate; skip always available.,Approved
HT-F-017,Hot,hot,choice,Flirty,what's more tempting?,¿qué tienta más?,a secret plan,un plan secreto,a spontaneous invitation,una invitación espontánea,flirt,both,1,adventure,TRUE,after_both_answer,18+ mode; mutual consent gate; skip always available.,Approved
HT-F-018,Hot,hot,choice,Flirty,which feels more personal?,¿qué se siente más personal?,wearing their hoodie,usar su sudadera,keeping their photo,guardar su foto,flirt,both,1,affection,TRUE,after_both_answer,18+ mode; mutual consent gate; skip always available.,Approved
HT-F-019,Hot,hot,choice,Flirty,what would you rather hear?,¿qué preferirías escuchar?,come here,ven,stay a little longer,quédate un rato más,flirt,same_place,1,chemistry,TRUE,after_both_answer,18+ mode; mutual consent gate; skip always available.,Approved
HT-F-020,Hot,hot,choice,Flirty,what's the better kind of tension?,¿cuál es la mejor tensión?,playful teasing,molestarse jugando,quiet eye contact,miradas en silencio,flirt,both,1,chemistry,TRUE,after_both_answer,18+ mode; mutual consent gate; skip always available.,Approved
HT-F-021,Hot,hot,choice,Flirty,Challenge: Text me the single emoji that best describes what you thought when you saw me today.,Reto: Mándame por texto el emoji que mejor describa lo que pensaste cuando me viste hoy.,Send emoji right now,Mandar emoji ya,Pay with a kiss on the cheek,Pagar con un beso en la mejilla,playful,both,1,flirting;visual,TRUE,after_both_answer,Visual reaction emoji | Source: Gemini,Approved
HT-F-022,Hot,guess,prediction,Flirty,Which scenario sounds like a more thrilling weekend getaway for us?,¿Qué escenario suena como un escape de fin de semana más emocionante para nosotros?,A secluded cabin in the woods,Cabaña aislada en el bosque,A luxury hotel room in the city center,Hotel elegante en el centro,cinematic,both,1,fantasies;getaway,TRUE,after_both_answer,Weekend getaway scenario guess | Source: Gemini,Approved
HT-F-023,Hot,hot,choice,Flirty,Staring Contest: Maintain eye contact for 15 seconds without laughing or looking at my lips.,Reto de Miradas: Sostén la mirada 15 segundos sin reírte y sin ver mis labios.,Accept challenge,Aceptar reto,Fail instantly and pay a penalty,Perder y pagar penitencia,flirty,same_place,1,tension;gaze,TRUE,after_both_answer,Eye contact challenge | Source: Gemini,Approved
HT-F-024,Hot,guess,prediction,Flirty,"If we were trapped in a crowded elevator for 10 minutes, what would I do first?","¿Si nos quedáramos atrapados en un elevador lleno 10 minutos, qué haría primero?",Stand suspiciously close to you,Pararme sospechosamente cerca,Whisper a playful comment in your ear,Susurrarte algo al oído,clever,both,1,hypothetical;tension,TRUE,after_both_answer,Elevator scenario guess | Source: Gemini,Approved
HT-F-025,Hot,hot,choice,Flirty,"Micro-Challenge: Steal one item from me (ring, watch, phone) and make me negotiate to get it back.","Micro-Reto: Róbame un objeto (anillo, reloj, cel) y hazme negociar para recuperarlo.",Steal an item now,Robar objeto ya,Pass turn,Pasar turno,playful,same_place,1,game;playful,TRUE,after_both_answer,Playful theft challenge | Source: Gemini,Approved
HT-F-026,Hot,guess,prediction,Flirty,When today did I feel the sudden urge to lean in and kiss you?,¿En qué momento de hoy sentí repentinamente ganas de acercarme a besarte?,The second we said hello,Apenas nos saludamos,Just a few minutes ago,Hace unos minutos,warm,both,1,attraction;timing,TRUE,after_both_answer,Kiss timing guess | Source: Gemini,Approved
HT-F-027,Hot,hot,choice,Flirty,Whisper a direct compliment in my ear or send it right now as a secret text.,Susúrrale un cumplido directo al oído al otro o mándalo por texto en privado.,Whisper in ear,Susurrar al oído,Send secret text,Mandar por texto,flirty,both,1,whisper;compliments,TRUE,after_both_answer,Whisper compliment prompt | Source: Gemini,Approved
HT-F-028,Hot,guess,prediction,Flirty,Which sense heightens my attraction toward you the most?,¿Qué sentido aumenta más mi atracción hacia ti en este momento?,Your perfume / natural scent,Tu perfume / olor natural,The tone of your voice when you whisper,Tu tono de voz al susurrar,cinematic,both,1,senses;attraction,TRUE,after_both_answer,Sense attraction guess | Source: Gemini,Approved
HT-F-029,Hot,hot,choice,Flirty,"Challenge: Trace an imaginary letter on my palm with your finger. If I guess wrong, I owe you a drink.","Reto: Dibuja una letra en mi palma. Si no la adivino, te debo una bebida.",Trace letter now,Dibujar letra,Pass turn,Pasar turno,playful,same_place,1,touch;game,TRUE,after_both_answer,Palm letter challenge | Source: Gemini,Approved
HT-F-030,Hot,guess,prediction,Flirty,What am I usually thinking about when I stay silent and just stare at you?,¿En qué pienso cuando me quedo en silencio viéndote fijo?,How good you look right now,Lo bien que te ves hoy,A mischievous thought I haven't said,Una travesura que no he dicho,warm,both,1,gaze;thoughts,TRUE,after_both_answer,Silent stare guess | Source: Gemini,Approved
HT-F-031,Hot,hot,choice,Flirty,Show a gesture or facial expression right now that defines your current flirt energy.,Haz un gesto o mirada en este momento que defina tu vibra de coqueteo.,Show gesture live,Hacer el gesto en vivo,Describe with words,Describir con palabras,playful,both,1,expression;vibes,TRUE,after_both_answer,Vibe gesture challenge | Source: Gemini,Approved
HT-F-032,Hot,guess,prediction,Flirty,"If I could receive one physical gesture right now, what would I pick?","¿Si pudiera recibir un gesto físico en este segundo, cuál elegiría?",A slow tight hug,Un abrazo lento y apretado,A sudden soft kiss on the neck,Un beso suave en el cuello,cute,both,1,desire;touch,TRUE,after_both_answer,Physical gesture guess | Source: Gemini,Approved
HT-F-033,Hot,hot,choice,Flirty,Challenge: Gently brush hair away from my face without breaking eye contact.,Reto: Acomoda suavemente mi cabello fuera de mi cara sin quitarme la mirada.,Accept challenge,Aceptar reto,Pass,Pasar,cute,same_place,1,touch;gentle,TRUE,after_both_answer,Hair brush challenge | Source: Gemini,Approved
HT-F-034,Hot,guess,prediction,Flirty,What type of lighting sets the absolute best romantic mood for me?,¿Qué tipo de iluminación arma el mejor ambiente para mí?,Low dim golden lights + music,Luces tenues y música de fondo,Candlelight + quiet atmosphere,Velas y silencio absoluto,cinematic,both,1,setting;lighting,TRUE,after_both_answer,Lighting mood guess | Source: Gemini,Approved
HT-F-035,Hot,hot,choice,Flirty,Confess: What outfit or color on me drives you most crazy?,Confiesa: ¿Qué ropa o color en mí se te hace más irresistible?,Confess directly,Confesar directo,Keep as a secret,Guardar el secreto,clever,both,1,attraction;fashion,TRUE,after_both_answer,Outfit truth prompt | Source: Gemini,Approved
HT-F-036,Hot,guess,prediction,Flirty,What distracts me faster when we are talking up close?,¿Qué me distrae más rápido cuando estamos hablando muy de cerca?,When your eyes drop to my lips,Que se te vaya la mirada a mis labios,When you touch my arm subtly,Que me toques el brazo de la nada,clever,both,1,distraction;proximity,TRUE,after_both_answer,Proximity distraction guess | Source: Gemini,Approved
HT-F-037,Hot,hot,choice,Flirty,Mini Challenge: Give me a 10-second shoulder massage right now.,Mini Reto: Dame un masaje de 10 segundos en los hombros ahora mismo.,Give massage,Dar masaje,Negotiate trade,Negociar variante,warm,same_place,1,touch;massage,TRUE,after_both_answer,Shoulder massage challenge | Source: Gemini,Approved
HT-F-038,Hot,guess,prediction,Flirty,How do I react if you suddenly rest your head on my shoulder?,¿Cómo reacciono si de pronto recuestas tu cabeza en mi hombro?,Wrap my arm around you instantly,Te abrazo de inmediato,Smile softly and stay completely still,Sonrío y me quedo quieto/a,cute,both,1,reactions;touch,TRUE,after_both_answer,Head on shoulder guess | Source: Gemini,Approved
HT-F-039,Hot,hot,choice,Flirty,Truth: What made you feel drawn to me the very first time we met?,Verdad: ¿Qué fue lo primero que te atrajo de mí la primera vez que nos vimos?,Share truth,Contar la verdad,Keep mystery,Mantener el misterio,warm,both,1,memory;spark,TRUE,after_both_answer,First attraction truth | Source: Gemini,Approved
HT-F-040,Hot,guess,prediction,Flirty,What catches my attention faster when we walk into a room together?,¿Qué me llama más la atención cuando entramos a un lugar juntos?,Holding hands under the radar,Ir tomados de la mano,Discreet glances from across the room,Miradas discretas desde lejos,clever,both,1,subtle;public,TRUE,after_both_answer,Public flirt style guess | Source: Gemini,Approved
HT-F-041,Hot,hot,choice,Flirty,Challenge: Say the most flirtatious line you can think of in under 5 seconds.,Reto: Di la frase más coqueta que se te ocurra en menos de 5 segundos.,Say line now,Decir la frase ya,Pass and take penalty,Pasar y pagar penitencia,playful,both,1,spontaneous;flirting,TRUE,after_both_answer,Fast line challenge | Source: Gemini,Approved
HT-F-042,Hot,guess,prediction,Flirty,Which music vibe matches our current energy tonight?,¿Qué vibra musical conecta mejor con nuestra energía de hoy?,Slow acoustic and intimate,Acústica y lenta,Upbeat smooth electronic,Electrónica suave y con ritmo,cinematic,both,1,music;energy,TRUE,after_both_answer,Music match guess | Source: Gemini,Approved
HT-F-043,Hot,hot,choice,Flirty,Mini Challenge: Rest your hand on my knee for 20 seconds without saying a word.,Mini Reto: Deja tu mano sobre mi rodilla durante 20 segundos sin decir nada.,Accept challenge,Aceptar reto,Pass,Pasar,flirty,same_place,1,touch;tension,TRUE,after_both_answer,Knee touch challenge | Source: Gemini,Approved
HT-F-044,Hot,guess,prediction,Flirty,What physical detail did I notice about you first today?,¿Qué detalle físico tuyo noté primero el día de hoy?,Your eyes / smile,Tus ojos o sonrisa,Your outfit / posture,Tu ropa o postura,cute,both,1,observation;attraction,TRUE,after_both_answer,First notice detail guess | Source: Gemini,Approved
HT-F-045,Hot,hot,choice,Flirty,Would you rather get a teasing text during work or a secret voice note at night?,¿Prefieres un texto coqueto a mitad del día o una nota de voz secreta de noche?,Teasing text,Texto coqueto,Secret voice note,Nota de voz secreta,clever,both,1,texting;preference,TRUE,after_both_answer,Teasing text choice | Source: Gemini,Approved
HT-F-046,Hot,guess,prediction,Flirty,How easily do I lose my focus if you lean in close while I am speaking?,¿Qué tan fácil pierdo la concentración si te me acercas mucho al hablar?,Instantly forget what I was saying,Olvidó la frase por completo,Keep talking while smiling,Sigo hablando sonriendo,clever,both,1,focus;chemistry,TRUE,after_both_answer,Focus loss guess | Source: Gemini,Approved
HT-F-047,Hot,hot,choice,Flirty,Challenge: Write a secret word on my arm using only your index finger.,Reto: Escribe una palabra secreta en mi brazo usando solo tu dedo índice.,Write word,Escribir palabra,Pass,Pasar,playful,same_place,1,touch;game,TRUE,after_both_answer,Finger write challenge | Source: Gemini,Approved
HT-F-048,Hot,guess,prediction,Flirty,What type of kiss do I prefer receiving unexpectedly?,¿Qué tipo de beso prefiero recibir de la nada?,A slow lingering kiss,Uno lento y prolongado,A quick stolen kiss,Uno rápido y robado,cute,both,1,kisses;preference,TRUE,after_both_answer,Surprise kiss guess | Source: Gemini,Approved
HT-F-049,Hot,hot,choice,Flirty,Steal a quick kiss on my cheek right now or pay with a secret confession.,Roba un beso rápido en mi mejilla ahora mismo o paga con una confesión secreta.,Steal cheek kiss,Robar beso en mejilla,Pay with confession,Pagar con confesión,flirty,same_place,1,kisses;confession,TRUE,after_both_answer,Cheek kiss prompt | Source: Gemini,Approved
HT-F-050,Hot,guess,prediction,Flirty,"If we were on a late night walk, what would I do to stay warm?","¿Si camináramos de noche con frío, qué haría para calentarme?",Interlock fingers with yours,Entrelazar los dedos contigo,Steal your jacket or cuddle close,Robarte la chamarra o pegarme a ti,cute,both,1,cold;warmth,TRUE,after_both_answer,Cold walk guess | Source: Gemini,Approved
HT-F-051,Hot,hot,choice,Flirty,Truth: Name one physical habit I have that you secretly find charming.,Verdad: Nombra un hábito físico mío que te parezca encantador en secreto.,Share habit,Contar hábito,Keep private,Guardar en privado,warm,both,1,compliments;habits,TRUE,after_both_answer,Charming habit truth | Source: Gemini,Approved
HT-F-052,Hot,guess,prediction,Flirty,What am I most tempted to do when we sit on a couch together?,¿Qué es lo que más se me antoja hacer cuando nos sentamos en un sillón?,Lean in close to talk softly,Acercarme a hablarte bajito,Play with your hair or fingers,Jugar con tu pelo o dedos,cute,both,1,proximity;desire,TRUE,after_both_answer,Couch proximity guess | Source: Gemini,Approved
HT-F-053,Hot,hot,choice,Flirty,Challenge: Hold my hand with fingers locked tightly for 30 seconds uninterrupted.,Reto: Toma mi mano entrelazando los dedos durante 30 segundos seguidos.,Accept challenge,Aceptar reto,Pass,Pasar,warm,same_place,1,touch;connection,TRUE,after_both_answer,Locked fingers challenge | Source: Gemini,Approved
HT-F-054,Hot,guess,prediction,Flirty,How would I rate our flirting tension level right now?,¿Cómo calificaría nuestro nivel de tensión y coqueteo justo ahora?,Playful and lighthearted,Juguetón y ligero,Electric with hidden energy,Eléctrico y con energía guardada,flirty,both,1,status;tension,TRUE,after_both_answer,Tension level guess | Source: Gemini,Approved
HT-F-055,Hot,hot,choice,Flirty,Would you rather hold hands in public or exchange secret glances from afar?,¿Prefieres ir de la mano en público o intercambiar miradas discretas a la distancia?,Hold hands,Ir de la mano,Secret glances,Miradas discretas,warm,both,1,lifestyle;flirting,TRUE,after_both_answer,Flirting style choice | Source: Gemini,Approved
HT-F-056,Hot,guess,prediction,Flirty,What is my default response when you compliment my appearance?,¿Cuál es mi respuesta automática cuando me chuleas cómo me veo?,Get slightly shy or blush,Me da pena o me sonrojo,Own it with a confident smile,Lo recibo con sonrisa segura,cute,both,1,reactions;compliments,TRUE,after_both_answer,Compliment response guess | Source: Gemini,Approved
HT-F-057,Hot,hot,choice,Flirty,Mini Challenge: Place a 5-second kiss on the back of my hand.,Mini Reto: Da un beso de 5 segundos en el dorso de mi mano.,Accept challenge,Aceptar reto,Pass turn,Pasar turno,flirty,same_place,1,kisses;hand,TRUE,after_both_answer,Hand kiss challenge | Source: Gemini,Approved
HT-F-058,Hot,guess,prediction,Flirty,What physical gesture relaxes me fastest after a long hectic day?,¿Qué gesto físico me tranquiliza más rápido tras un día pesado?,A gentle head / scalp stroke,Caricias suaves en la cabeza,Holding my hand firmly,Tomar mi mano con firmeza,warm,both,1,touch;comfort,TRUE,after_both_answer,Soothing gesture guess | Source: Gemini,Approved
HT-F-059,Hot,hot,choice,Flirty,Confess: What is one subtle nickname you've thought about calling me?,Verdad: ¿Qué apodo sutil o cariñoso has pensado para mí?,Share nickname,Decir apodo,Keep secret,Guardar secreto,cute,both,1,nickname;communication,TRUE,after_both_answer,Nickname truth prompt | Source: Gemini,Approved
HT-F-060,Hot,guess,prediction,Flirty,What catches my eye first when you walk into the room?,¿Qué es lo primero en lo que me fijo cuando entras a un lugar?,The way you smile / look at me,Tu sonrisa o mirada,The way you walk and move,Tu forma de caminar y moverte,cinematic,both,1,attraction;presence,TRUE,after_both_answer,Entrance eye-catcher guess | Source: Gemini,Approved
HT-F-061,Hot,hot,choice,Flirty,Challenge: Whispered confession of one thing that made you smile today about me.,Reto: Susúrrame algo que te haya hecho sonreír hoy sobre mí.,Whisper now,Susurrar ahora,Pass,Pasar,cute,same_place,1,whisper;warmth,TRUE,after_both_answer,Smile trigger whisper | Source: Gemini,Approved
HT-F-062,Hot,guess,prediction,Flirty,Which setting sounds best for a late night conversation?,¿Qué ambiente se antoja más para una plática nocturna?,Curled up on a couch with blankets,Acurrucados en el sillón con cobijas,Inside a warm car parked somewhere dark,En el coche estacionado a oscuras,cinematic,both,1,setting;vibe,TRUE,after_both_answer,Late conversation setting guess | Source: Gemini,Approved
HT-F-063,Hot,hot,choice,Flirty,Mini Challenge: Gently touch my wrist while looking into my eyes for 10 seconds.,Mini Reto: Toca mi muñeca suavemente viéndome a los ojos 10 segundos.,Accept challenge,Aceptar reto,Pass,Pasar,flirty,same_place,1,touch;gaze,TRUE,after_both_answer,Wrist touch challenge | Source: Gemini,Approved
HT-F-064,Hot,guess,prediction,Flirty,How do I show that I am enjoying a quiet moment together?,¿Cómo demuestro que estoy disfrutando un momento tranquilo juntos?,Leaning closer physical contact,Buscando más contacto físico,Talking non-stop with high energy,Hablando sin parar emocionado/a,warm,both,1,signals;comfort,TRUE,after_both_answer,Quiet moment signal guess | Source: Gemini,Approved
HT-F-065,Hot,hot,choice,Flirty,Truth: What is one song that always reminds you of me?,Verdad: ¿Qué canción te recuerda a mí sin falta?,Name song,Nombrar canción,Keep secret,Guardar secreto,cinematic,both,1,music;memories,TRUE,after_both_answer,Song memory truth | Source: Gemini,Approved
HT-F-066,Hot,guess,prediction,Flirty,What am I most likely to do if you lean in close to whisper?,¿Qué hago si te acercas a susurrarme algo?,Turn my face toward yours,Girar la cara hacia ti,Stay still and listen closely,Quedarme quieto/a escuchando,clever,both,1,reactions;whisper,TRUE,after_both_answer,Whisper reaction guess | Source: Gemini,Approved
HT-F-067,Hot,hot,choice,Flirty,Challenge: Give a playful high-five that turns into holding hands for 5 seconds.,Reto: Da un choque de manos que se convierta en tomarse de la mano 5s.,Do challenge,Hacer reto,Pass,Pasar,playful,same_place,1,touch;game,TRUE,after_both_answer,High five hand hold | Source: Gemini,Approved
HT-F-068,Hot,guess,prediction,Flirty,What mood drives my desire to hang out late tonight?,¿Qué vibra me hace querer estirar el plan hasta tarde hoy?,Wanting quiet quality time,Ganas de tiempo a solas tranquilo,High energy fun and laughs,Ganas de risas y diversión,warm,both,1,mood;lifestyle,TRUE,after_both_answer,Late hang mood guess | Source: Gemini,Approved
HT-F-069,Hot,hot,choice,Flirty,Would you rather receive a surprise physical kiss or a long sweet text?,¿Prefieres un beso sorpresa en persona o un texto largo y lindo?,Surprise kiss,Beso sorpresa,Sweet text,Texto lindo,cute,both,1,preference;romance,TRUE,after_both_answer,Surprise romance choice | Source: Gemini,Approved
HT-F-070,Hot,guess,prediction,Flirty,How would I describe our chemistry in one single word?,¿Cómo describiría nuestra química en una sola palabra?,Unpredictable,Impredecible,Magnetizing,Magnetizante,flirty,both,1,chemistry;description,TRUE,after_both_answer,One word chemistry guess | Source: Gemini,Approved
HT-K-001,Hot,hot,choice,KitKat,KitKat Command: Command the other person to kneel or assume a specific submission posture for 30 seconds.,Mandato KitKat: Ordena al otro arrodillarse o tomar una postura de sumisión específica por 30s.,Obey command,Obedecer orden,Refuse and pay dark room penalty,Pagar penitencia,cinematic,same_place,4,kitkat;dominance;submission,TRUE,after_both_answer,Kneel submission command | Source: Gemini | KitKat unlock tier; unlock rule TBD (points or completed Spicy games).,Approved
HT-K-002,Hot,guess,prediction,KitKat,What Berlin club dynamic fires up my dark desires most?,¿Qué dinámica de club de Berlín enciende más mis deseos oscuros?,Watching you interact with complete confidence,Verte actuar con seguridad absoluta,Being controlled in pitch darkness,Ser controlado/a en penumbra total,cinematic,both,4,kitkat;berlin_vibes;darkness,TRUE,after_both_answer,Berlin dynamic guess | Source: Gemini | KitKat unlock tier; unlock rule TBD (points or completed Spicy games).,Approved
HT-K-003,Hot,hot,choice,KitKat,"Blindfold Sensory Challenge: Blindfold the other person and trace skin using ice, warm breath, or leather for 45s.","Reto Sensorial a Ciegas: Venda al otro y recorre su piel con hielo, aliento cálido o piel por 45s.",Accept sensory play,Aceptar reto,Pass and take penalty,Pagar castigo,flirty,same_place,4,kitkat;sensory_play;blindfold,TRUE,after_both_answer,Blindfold sensory play | Source: Gemini | KitKat unlock tier; unlock rule TBD (points or completed Spicy games).,Approved
HT-K-004,Hot,hot,choice,KitKat,Berlin Confession: Confess a fetish or kink you have never voiced out loud to anyone before.,Confesión Berlín: Confiesa un fetiche o kink que nunca le hayas dicho en voz alta a nadie.,Confess kink,Confesar kink,Pay penalty with a kiss on the inner thigh,Pagar castigo en muslo,cinematic,both,4,kitkat;kinks;confession,TRUE,after_both_answer,Kink confession truth | Source: Gemini | KitKat unlock tier; unlock rule TBD (points or completed Spicy games).,Approved
HT-K-005,Hot,guess,prediction,KitKat,What explicitly triggers my urge to break all my usual physical boundaries with you?,¿Qué dispara mi impulso de romper todos mis límites físicos habituales contigo?,A firm grip on my hair pulling my head back,Un agarre firme en mi cabello jalando mi cabeza,An absolute command whispered in a cold tone,Una orden directa en tono frío,cinematic,both,4,kitkat;triggers;boundaries,TRUE,after_both_answer,Boundary breaker trigger guess | Source: Gemini | KitKat unlock tier; unlock rule TBD (points or completed Spicy games).,Approved
HT-K-006,Hot,hot,choice,KitKat,Restraint Challenge: Let the other person physically secure your hands behind your back for 60 seconds.,Reto de Sujeción: Deja que el otro inmovilice físicamente tus manos detrás de la espalda por 60s.,Accept restraint,Aceptar sujeción,Fail and take penalty,Pagar castigo,flirty,same_place,4,kitkat;restraint;bondage,TRUE,after_both_answer,Restraint behind back challenge | Source: Gemini | KitKat unlock tier; unlock rule TBD (points or completed Spicy games).,Approved
HT-K-007,Hot,hot,choice,KitKat,"Dark Room Kiss: Give a slow, heavy kiss on the lower abdomen right at the underwear line for 20 seconds.","Beso Dark Room: Da un beso lento y pesado en el abdomen bajo, justo en el borde de la ropa interior (20s).",Execute kiss,Ejecutar beso,Pass and pay penalty,Pagar castigo,flirty,same_place,4,kitkat;kisses;underwear_line,TRUE,after_both_answer,Underwear line kiss | Source: Gemini | KitKat unlock tier; unlock rule TBD (points or completed Spicy games).,Approved
HT-K-008,Hot,hot,choice,KitKat,Explicit Vocal Challenge: Whisper the dirtiest line you want to hear in my ear and make me repeat it back to you.,Reto Vocal Explícito: Susúrrame al oído lo más sucio que quieras escuchar y hazme repetírtelo en voz alta.,Accept vocal challenge,Aceptar reto vocal,Refuse and pay penalty,Pagar castigo,clever,same_place,4,kitkat;dirty_talk;vocal,TRUE,after_both_answer,Explicit vocal instruction | Source: Gemini | KitKat unlock tier; unlock rule TBD (points or completed Spicy games).,Approved
HT-K-009,Hot,hot,choice,KitKat,KitKat Strip Penalty: The loser must remove TWO items of clothing selected entirely by the winner.,Castigo KitKat: El perdedor debe quitarse DOS prendas elegidas 100% por el ganador.,Accept strip,Aceptar castigo,Refuse and pay double penalty,Pagar castigo doble,flirty,same_place,4,kitkat;strip;penalty,TRUE,after_both_answer,Two item strip penalty | Source: Gemini | KitKat unlock tier; unlock rule TBD (points or completed Spicy games).,Approved
HT-K-010,Hot,hot,choice,KitKat,Raw Truth: Describe your dirtiest fantasy involving a public or semi-private venue.,Verdad Cruda: Describe tu fantasía más sucia en un lugar público o semi-privado.,Describe venue fantasy,Describir fantasía,Pay penalty,Pagar castigo,cinematic,both,4,kitkat;fantasies;exhibitionism,TRUE,after_both_answer,Exhibitionism venue truth | Source: Gemini | KitKat unlock tier; unlock rule TBD (points or completed Spicy games).,Approved
HT-K-011,Hot,guess,prediction,KitKat,What roleplay energy activates my dominant side fastest?,¿Qué energía de juego de rol activa mi lado dominante más rápido?,Complete obedient surrender from you,Verte ceder el control por completo,You challenging my authority until I take it,Verte desafiarme hasta que tome el control,flirty,both,4,kitkat;dominance;roleplay,TRUE,after_both_answer,Dominant energy trigger guess | Source: Gemini | KitKat unlock tier; unlock rule TBD (points or completed Spicy games).,Approved
HT-K-012,Hot,hot,choice,KitKat,Whisper Command: Whisper a filthy 5-word instruction directly against the other person's throat.,Orden al Oído: Susurra una orden explícita de 5 palabras directamente apoyado/a en la garganta del otro.,Whisper command now,Susurrar orden,Pass and take penalty,Pagar castigo,flirty,same_place,4,kitkat;whisper;throat_command,TRUE,after_both_answer,Filthy throat whisper | Source: Gemini | KitKat unlock tier; unlock rule TBD (points or completed Spicy games).,Approved
HT-K-013,Hot,hot,choice,KitKat,"Sensory Overload Challenge: Make me breathe heavily without touching my lips—use only your breath, hands on my hips, and neck kisses.","Reto de Sobrecarga: Hazme acelerar la respiración sin besarme los labios: solo usando tu aliento, manos en la cadera y besos en el cuello.",Accept overload challenge,Aceptar reto,Pass and pay penalty,Pagar castigo,cinematic,same_place,4,kitkat;sensory_overload;challenge,TRUE,after_both_answer,Sensory overload challenge | Source: Gemini | KitKat unlock tier; unlock rule TBD (points or completed Spicy games).,Approved
HT-K-014,Hot,hot,choice,KitKat,Throat Play Challenge: Place a hand gently over the front of the throat for 20 seconds while applying eye pressure.,Reto de Cuello: Pon tu mano con firmeza suave en el cuello del otro por 20s sosteniendo mirada intensa.,Accept challenge,Aceptar reto,Pass and pay penalty,Pagar castigo,flirty,same_place,4,kitkat;throat_play;gaze,TRUE,after_both_answer,Gentle throat play challenge | Source: Gemini | KitKat unlock tier; unlock rule TBD (points or completed Spicy games).,Approved
HT-K-015,Hot,guess,prediction,KitKat,What temperature play sensation turns me into an absolute addict?,¿Qué sensación de contraste de temperatura me vuelve adicto/a?,Ice traced along the spine and inner thighs,Hielo recorriendo la columna y muslos,Hot candle wax or warm breath against bare skin,Cera tibia o aliento caliente en piel desnuda,cinematic,both,4,kitkat;temperature_play;senses,TRUE,after_both_answer,Temperature play preference guess | Source: Gemini | KitKat unlock tier; unlock rule TBD (points or completed Spicy games).,Approved
HT-K-016,Hot,hot,choice,KitKat,Dilemma: Being completely bound and unable to move OR having full mobility while being strictly controlled?,Dilema: ¿Sujeción física total sin poder moverte O libertad de movimiento bajo control verbal estricto?,Physical bondage,Sujeción física,Verbal control,Control verbal estricto,flirty,both,4,kitkat;bondage;control,TRUE,after_both_answer,Bondage vs verbal control dilemma | Source: Gemini | KitKat unlock tier; unlock rule TBD (points or completed Spicy games).,Approved
HT-K-017,Hot,hot,choice,KitKat,"Impact Challenge: Give a firm, deliberate spank on my thigh or hip, then command me not to make a sound.","Reto de Impacto: Dame un azote firme y deliberado en el muslo o cadera, y ordéname no hacer ni un solo ruido.",Execute impact challenge,Aceptar reto,Pass and pay penalty,Pagar castigo,clever,same_place,4,kitkat;spanking;impact_play,TRUE,after_both_answer,Impact play challenge | Source: Gemini | KitKat unlock tier; unlock rule TBD (points or completed Spicy games).,Approved
HT-K-018,Hot,hot,choice,KitKat,"Bite Challenge: Deliver an intense, deliberate bite on the shoulder or inner thigh for 5 seconds.",Reto de Mordisco: Da un mordisco intenso y deliberado en el hombro o parte interna del muslo (5s).,Deliver bite,Dar mordisco,Pass and pay penalty,Pagar castigo,flirty,same_place,4,kitkat;biting;impact,TRUE,after_both_answer,Intense bite challenge | Source: Gemini | KitKat unlock tier; unlock rule TBD (points or completed Spicy games).,Approved
HT-K-019,Hot,hot,choice,KitKat,Raw Truth: Describe the exact fetish outfit you want the other person wearing right now.,Verdad Cruda: Describe el atuendo fetish exacto que te gustaría que el otro llevara puesto ahora mismo.,Describe outfit,Describir atuendo,Pay penalty,Pagar castigo,cinematic,both,4,kitkat;fetish;outfit,TRUE,after_both_answer,Fetish outfit truth | Source: Gemini | KitKat unlock tier; unlock rule TBD (points or completed Spicy games).,Approved
HT-K-020,Hot,guess,prediction,KitKat,What speed of undressing matches my wild side best during a fetish night?,¿Qué velocidad al desvestirnos saca mi lado más salvaje?,Tearing leather/clothing off with raw force,Quitar la ropa con fuerza y prisa,Exposures piece-by-piece with painful delays,Ir descubriendo piel pieza por pieza despacio,warm,both,4,kitkat;undressing;fetish,TRUE,after_both_answer,Fetish undressing speed guess | Source: Gemini | KitKat unlock tier; unlock rule TBD (points or completed Spicy games).,Approved
HT-K-021,Hot,hot,choice,KitKat,Bare Skin Challenge: Place both hands inside underwear or trousers onto bare skin for 30s without kissing.,Reto Piel con Piel: Mete ambas manos en la ropa interior o pantalón tocando piel desnuda 30s sin besar.,Accept bare touch,Aceptar reto,Pass and take penalty,Pagar castigo,flirty,same_place,4,kitkat;bare_touch;intimacy,TRUE,after_both_answer,Underwear touch challenge | Source: Gemini | KitKat unlock tier; unlock rule TBD (points or completed Spicy games).,Approved
HT-K-022,Hot,hot,choice,KitKat,Moan Mimic Challenge: Demonstrate the exact vocal sound that drives you feral and make the other person recreate it right now.,Reto de Sonido: Haz el sonido o gemido exacto que te vuelve loco/a y haz que la otra persona lo imite ahora mismo.,Execute sound challenge,Hacer el reto,Refuse and pay penalty,Pagar castigo,flirty,same_place,4,kitkat;vocal;mimic,TRUE,after_both_answer,Vocal sound mimic challenge | Source: Gemini | KitKat unlock tier; unlock rule TBD (points or completed Spicy games).,Approved
HT-K-023,Hot,hot,choice,KitKat,Safeword Confession: Share your absolute safeword and the specific kink you want to test with it.,Confesión de Palabra Clave: Comparte tu palabra clave definitiva y el kink que probarías usando esa seguridad.,Share safeword and kink,Compartir clave y kink,Skip prompt,Saltar prompt,warm,both,4,kitkat;safeword;kink_testing,TRUE,after_both_answer,Safeword and kink test truth | Source: Gemini | KitKat unlock tier; unlock rule TBD (points or completed Spicy games).,Approved
HT-K-024,Hot,guess,prediction,KitKat,How do I prefer to be pinned down when tension hits maximum intensity?,¿Cómo prefiero ser sujetado/a cuando la tensión llega al máximo?,Wrists held firm above my head,Muñecas sujetas arriba de la cabeza,Body weight pressing down against me,Peso del cuerpo presionando sobre mí,flirty,both,4,kitkat;pinning;restraint,TRUE,after_both_answer,Pinning preference guess | Source: Gemini | KitKat unlock tier; unlock rule TBD (points or completed Spicy games).,Approved
HT-K-025,Hot,hot,choice,KitKat,Filthy Whisper Penalty: The loser must allow the winner to whisper their dirtiest explicit command in their ear.,Penitencia Filthy: El perdedor debe dejar que el ganador le susurre su orden más sucia al oído.,Accept whisper penalty,Aceptar penitencia,Pass turn,Pasar turno,flirty,same_place,4,kitkat;whisper;penalty,TRUE,after_both_answer,Filthy command whisper penalty | Source: Gemini | KitKat unlock tier; unlock rule TBD (points or completed Spicy games).,Approved
HT-K-026,Hot,guess,prediction,KitKat,Which Berlin-inspired fetish dynamic am I most open to trying tonight?,¿Qué dinámica fetish inspirada en Berlín estaría dispuesto/a a probar hoy?,Sensory deprivation with blindfold and earplugs,Privación sensorial con venda y tapones,Edge play with intense delay and control,Edge play (control de orgasmo y espera),clever,both,4,kitkat;fetish;edge_play,TRUE,after_both_answer,Berlin fetish preference guess | Source: Gemini | KitKat unlock tier; unlock rule TBD (points or completed Spicy games).,Approved
HT-K-027,Hot,hot,choice,KitKat,Unfiltered Demand: State ONE explicit demand for the next hour that the other must agree to try.,Exigencia Sin Filtro: Expresa UNA exigencia explícita para la próxima hora que el otro deba aceptar probar.,State demand,Expresar exigencia,Pass and take penalty,Pagar castigo,flirty,both,4,kitkat;demands;explicit,TRUE,after_both_answer,Unfiltered explicit demand | Source: Gemini | KitKat unlock tier; unlock rule TBD (points or completed Spicy games).,Approved
HT-K-028,Hot,hot,choice,KitKat,Obedience Voice Challenge: Give me an explicit command using your most dominant voice and force me to say 'yes' before executing it.,Reto de Obediencia: Dame una orden explícita con tu tono más dominante y hazme decir 'sí' antes de ejecutarla.,Execute obedience challenge,Aceptar reto,Pass and pay penalty,Pagar castigo,flirty,same_place,4,kitkat;voice;obedience,TRUE,after_both_answer,Obedience voice challenge | Source: Gemini | KitKat unlock tier; unlock rule TBD (points or completed Spicy games).,Approved
HT-K-029,Hot,hot,choice,KitKat,Thigh Edge Kiss: Kiss along the inner thigh moving 1 cm closer to the center every 5 seconds for 30s total.,Beso Edge en Muslo: Besa la parte interna del muslo acercándote 1 cm al centro cada 5s (30s en total).,Execute edge kiss,Ejecutar beso,Pass and pay penalty,Pagar castigo,flirty,same_place,4,kitkat;kisses;edge_play,TRUE,after_both_answer,Thigh edge kiss challenge | Source: Gemini | KitKat unlock tier; unlock rule TBD (points or completed Spicy games).,Approved
HT-K-030,Hot,guess,prediction,KitKat,What atmosphere turns a private room into an unforgettable dark room experience?,¿Qué detalle convierte un cuarto privado en una experiencia de dark room inolvidable?,"Heavy bass, total darkness, leather scent","Grave retumbando, oscuridad y olor a cuero","Red strobe light, silence, heavy physical focus","Luz roja tenue, silencio y contacto firme",cinematic,both,4,kitkat;dark_room;atmosphere,TRUE,after_both_answer,Dark room atmosphere guess | Source: Gemini | KitKat unlock tier; unlock rule TBD (points or completed Spicy games).,Approved
HT-K-031,Hot,hot,choice,KitKat,Raw Truth: What is the most explicit roleplay scenario you have secretly masturbated to?,Verdad Cruda: ¿Cuál es el escenario de juego de rol más explícito con el que te has masturbado en secreto?,Confess scenario,Confesar escenario,Keep private and pay penalty,Pagar castigo,warm,both,4,kitkat;roleplay;fantasies,TRUE,after_both_answer,Roleplay fantasy truth | Source: Gemini | KitKat unlock tier; unlock rule TBD (points or completed Spicy games).,Approved
HT-K-032,Hot,guess,prediction,KitKat,What pressure intensity do I prefer when being gripped during raw passion?,¿Qué nivel de fuerza prefiero al ser sujetado/a en momentos de pasión cruda?,Maximum grip leaving faint temporary marks,Fuerza máxima que deje marcas temporales,"Firm, constant pressure without pain",Presión firme y constante sin dolor,warm,both,4,kitkat;pressure;grip,TRUE,after_both_answer,Grip pressure intensity guess | Source: Gemini | KitKat unlock tier; unlock rule TBD (points or completed Spicy games).,Approved
HT-K-033,Hot,hot,choice,KitKat,Lap Command Penalty: The loser must sit on the winner's lap facing them for 60 seconds without speaking.,Penitencia de Regazo: El perdedor debe sentarse de frente en el regazo del ganador 60s en silencio.,Accept lap sit,Aceptar penitencia,Pass turn,Pasar turno,warm,same_place,4,kitkat;lap_sit;penalty,TRUE,after_both_answer,60s lap sit command | Source: Gemini | KitKat unlock tier; unlock rule TBD (points or completed Spicy games).,Approved
HT-K-034,Hot,guess,prediction,KitKat,What is my exact policy on using leather restraints or collars during play?,¿Cuál es mi postura sobre usar sujetadores de cuero o collares en el juego?,100% enthusiastic to use them,100% entusiasmado/a por usarlos,Curious but need slow introduction,Curioso/a pero ir paso a paso,clever,both,4,kitkat;fetish;restraints,TRUE,after_both_answer,Leather restraints stance guess | Source: Gemini | KitKat unlock tier; unlock rule TBD (points or completed Spicy games).,Approved
HT-K-035,Hot,hot,choice,KitKat,Unfiltered Truth: What body part of the other person do you crave consuming with your mouth most?,Verdad Cruda: ¿Qué parte del cuerpo del otro te mueres por devorar con la boca?,Confess body part,Confesar parte del cuerpo,Pass and pay penalty,Pagar castigo,flirty,both,4,kitkat;body;oral,TRUE,after_both_answer,Naked mouth desire truth | Source: Gemini | KitKat unlock tier; unlock rule TBD (points or completed Spicy games).,Approved
HT-K-036,Hot,hot,choice,KitKat,Submission Command Challenge: Look me dead in the eyes and command me: 'Don't move or make a sound until I permit it.',Reto de Orden: Mírame directo a los ojos y ordéname en voz alta: 'No te muevas ni hagas ruido hasta que te lo permita'.,Issue command,Dar la orden,Pass and take penalty,Pagar castigo,cinematic,same_place,4,kitkat;command;submission,TRUE,after_both_answer,Submission command challenge | Source: Gemini | KitKat unlock tier; unlock rule TBD (points or completed Spicy games).,Approved
HT-K-037,Hot,hot,choice,KitKat,Tease Challenge: Trace fingertips along the inner thigh for 30s without making full contact with the center.,Reto Tease: Traza la parte interna del muslo con la yema de los dedos 30s sin tocar el centro.,Execute 30s tease,Ejecutar reto,Pass and pay penalty,Pagar castigo,flirty,same_place,4,kitkat;touch;teasing,TRUE,after_both_answer,Inner thigh fingertips tease | Source: Gemini | KitKat unlock tier; unlock rule TBD (points or completed Spicy games).,Approved
HT-K-038,Hot,guess,prediction,KitKat,What level of physical exhaustion makes an intimate night feel complete for me?,¿Qué nivel de agotamiento físico hace que una noche se sienta completa para mí?,Total physical exhaustion sweating,Agotamiento físico total y sudor,Deep emotional floating relaxation,Relajación profunda y flotada,warm,both,4,kitkat;exhaustion;satisfaction,TRUE,after_both_answer,Exhaustion level preference guess | Source: Gemini | KitKat unlock tier; unlock rule TBD (points or completed Spicy games).,Approved
HT-K-039,Hot,hot,choice,KitKat,Raw Truth: Confess one explicit dirty thought you had about the other person earlier today.,Verdad Cruda: Confiesa un pensamiento sucio y explícito que tuviste con el otro hoy temprano.,Confess dirty thought,Confesar pensamiento,Pass and pay penalty,Pagar castigo,clever,both,4,kitkat;dirty_thoughts;confession,TRUE,after_both_answer,Dirty thought confession | Source: Gemini | KitKat unlock tier; unlock rule TBD (points or completed Spicy games).,Approved
HT-K-040,Hot,hot,choice,KitKat,Power Flip Challenge: Push me down or pull me close right now to physically flip who is leading the dynamic.,Reto de Control: Empújame suavemente hacia atrás o jálame de golpe para tomar tú el control físico ahora.,Execute power flip,Tomar el control,Pass and pay penalty,Pagar castigo,warm,same_place,4,kitkat;power_dynamic;challenge,TRUE,after_both_answer,Power dynamic flip challenge | Source: Gemini | KitKat unlock tier; unlock rule TBD (points or completed Spicy games).,Approved
HT-K-041,Hot,hot,choice,KitKat,Hair Pull Kiss Challenge: Deliver an intense neck kiss while firmly gripping and pulling hair back (10s).,Reto Beso con Jalón: Da un beso en el cuello mientras sujetas y jalas el cabello hacia atrás (10s).,Execute kiss and pull,Ejecutar reto,Pass and pay penalty,Pagar castigo,flirty,same_place,4,kitkat;kisses;hair_pull,TRUE,after_both_answer,Hair pull neck kiss challenge | Source: Gemini | KitKat unlock tier; unlock rule TBD (points or completed Spicy games).,Approved
HT-K-042,Hot,guess,prediction,KitKat,What explicit detail turns a good encounter into a legendary experience for me?,¿Qué detalle explícito convierte un buen encuentro en una leyenda para mí?,Total lack of shame or inhibition from both,Cero pena e inhibiciones de ambos,Absolute submission to a shared fantasy,Entrega total a una fantasía compartida,cinematic,both,4,kitkat;explicit;legendary,TRUE,after_both_answer,Legendary encounter detail guess | Source: Gemini | KitKat unlock tier; unlock rule TBD (points or completed Spicy games).,Approved
HT-K-043,Hot,hot,choice,KitKat,Underwear Edge Challenge: Place a slow 20-second kiss directly over the underwear material.,Reto Edge en Ropa Interior: Da un beso lento de 20 segundos directamente sobre la ropa interior.,Execute edge kiss,Ejecutar beso,Pass and pay penalty,Pagar castigo,flirty,same_place,4,kitkat;kisses;underwear,TRUE,after_both_answer,Underwear material kiss | Source: Gemini | KitKat unlock tier; unlock rule TBD (points or completed Spicy games).,Approved
HT-K-044,Hot,guess,prediction,KitKat,What physical restraint style fires up my imagination most?,¿Qué estilo de sujeción física enciende más mi imaginación?,Rope / Shibari intricate knots,Cuerdas y nudos estilo Shibari,Leather cuffs and heavy metal locks,Esposas de cuero y metal pesado,cinematic,both,4,kitkat;shibari;cuffs,TRUE,after_both_answer,Restraint style preference guess | Source: Gemini | KitKat unlock tier; unlock rule TBD (points or completed Spicy games).,Approved
HT-K-045,Hot,hot,choice,KitKat,Body Touch Penalty: The loser must allow the winner to place their hands ANYWHERE under clothing for 30s.,Penitencia de Tacto: El perdedor debe dejar que el ganador ponga sus manos DONDE QUIERA bajo la ropa 30s.,Accept touch penalty,Aceptar penitencia,Pass turn,Pasar turno,flirty,same_place,4,kitkat;touch;penalty,TRUE,after_both_answer,30s under clothing touch penalty | Source: Gemini | KitKat unlock tier; unlock rule TBD (points or completed Spicy games).,Approved
HT-K-046,Hot,guess,prediction,KitKat,What is my reaction if you lock the venue door and state 'you belong to me for the next 2 hours'?,¿Cómo reacciono si le pones seguro a la puerta y dices 'eres mío/a las próximas 2 horas'?,Instant submission with electric goosebumps,Piel de gallina y sumisión al instante,Playful defiance before surrendering,Resistencia juguetona antes de ceder,flirty,both,4,kitkat;locked_door;ownership,TRUE,after_both_answer,Locked door ownership reaction | Source: Gemini | KitKat unlock tier; unlock rule TBD (points or completed Spicy games).,Approved
HT-K-047,Hot,hot,choice,KitKat,Raw Truth: Confess the exact position or kink moment where you felt most sexually dominated by me.,Verdad Cruda: Confiesa la posición o momento kink exacto donde te sentiste más dominado/a por mí.,Confess moment,Confesar momento,Pass and pay penalty,Pagar castigo,warm,both,4,kitkat;domination;kink,TRUE,after_both_answer,Sexual domination truth | Source: Gemini | KitKat unlock tier; unlock rule TBD (points or completed Spicy games).,Approved
HT-K-048,Hot,hot,choice,KitKat,"Green Light Challenge: Take both my hands, press them against your hips, and whisper exactly what to do next.","Reto Luz Verde: Toma mis dos manos, ponlas firmes en tus caderas y susúrrame exactamente qué hacer ahora.",Execute green light challenge,Hacer el reto,Pass and pay penalty,Pagar castigo,warm,same_place,4,kitkat;green_light;challenge,TRUE,after_both_answer,Green light touch challenge | Source: Gemini | KitKat unlock tier; unlock rule TBD (points or completed Spicy games).,Approved
HT-K-049,Hot,hot,choice,KitKat,Whisper Command Challenge: Whisper an explicit command specifying what you want done in the next 10 minutes.,Reto de Orden al Oído: Susurra una orden explícita detallando qué quieres que te haga en 10 minutos.,Whisper command,Susurrar orden,Pass and pay penalty,Pagar castigo,flirty,same_place,4,kitkat;command;whisper,TRUE,after_both_answer,10 min explicit command whisper | Source: Gemini | KitKat unlock tier; unlock rule TBD (points or completed Spicy games).,Approved
HT-K-050,Hot,guess,prediction,KitKat,"What is my final verdict on our level of raw, unfiltered sexual chemistry tonight?",¿Cuál es mi veredicto final sobre nuestra química sexual cruda y sin filtros hoy?,"100% feral, dark, and dangerous","100% salvaje, oscura y peligrosa","Deep, intoxicating, and addictive","Profunda, embriagadora y adictiva",cinematic,both,4,kitkat;verdict;feral_chemistry,TRUE,after_both_answer,Feral chemistry verdict guess | Source: Gemini | KitKat unlock tier; unlock rule TBD (points or completed Spicy games).,Approved
HT-S-001,Hot,hot,choice,Spicy,what kind of build-up do you prefer?,¿qué tipo de calentamiento prefieres?,long teasing,provocación larga,get to it faster,ir más directo,flirt,both,3,sexual_preferences,TRUE,after_both_answer,18+ mode; explicit consent/boundary framing; skip/lower level always available.,Approved
HT-S-002,Hot,hot,choice,Spicy,what matters more when things get intense?,¿qué importa más cuando sube la intensidad?,clear communication,comunicación clara,reading each other's body language,leer el lenguaje corporal,flirt,both,3,consent,TRUE,after_both_answer,18+ mode; explicit consent/boundary framing; skip/lower level always available.,Approved
HT-S-003,Hot,hot,choice,Spicy,which sounds more exciting?,¿qué suena más emocionante?,trying something new together,probar algo nuevo juntos,perfecting what already works,perfeccionar lo que ya funciona,flirt,both,3,sexual_preferences,TRUE,after_both_answer,18+ mode; explicit consent/boundary framing; skip/lower level always available.,Approved
HT-S-004,Hot,hot,choice,Spicy,what would you rather talk about first?,¿de qué preferirías hablar primero?,what you want more of,qué quieres más,what is off-limits,qué no quieres,flirt,both,3,"consent,boundaries",TRUE,after_both_answer,18+ mode; explicit consent/boundary framing; skip/lower level always available.,Approved
HT-S-005,Hot,hot,choice,Spicy,which kind of energy do you prefer?,¿qué energía prefieres?,playful,juguetona,intense,intensa,flirt,both,3,sexual_preferences,TRUE,after_both_answer,18+ mode; explicit consent/boundary framing; skip/lower level always available.,Approved
HT-S-006,Hot,hot,choice,Spicy,what feels hotter?,¿qué se siente más hot?,being told what they want,que te digan qué quieren,being asked what you want,que te pregunten qué quieres,flirt,both,3,communication,TRUE,after_both_answer,18+ mode; explicit consent/boundary framing; skip/lower level always available.,Approved
HT-S-007,Hot,hot,choice,Spicy,what would you rather explore?,¿qué preferirías explorar?,more teasing,más provocación,more directness,más intensidad directa,flirt,both,3,sexual_preferences,TRUE,after_both_answer,18+ mode; explicit consent/boundary framing; skip/lower level always available.,Approved
HT-S-008,Hot,hot,choice,Spicy,what is more important for a great night?,¿qué es más importante para una gran noche?,chemistry,química,communication,comunicación,flirt,both,3,consent,TRUE,after_both_answer,18+ mode; explicit consent/boundary framing; skip/lower level always available.,Approved
HT-S-009,Hot,hot,choice,Spicy,which sounds more exciting?,¿qué suena más emocionante?,taking turns leading,turnarse para tomar la iniciativa,one person leading,que una persona lleve la iniciativa,flirt,both,3,dynamic,TRUE,after_both_answer,18+ mode; explicit consent/boundary framing; skip/lower level always available.,Approved
HT-S-010,Hot,hot,choice,Spicy,what would you rather receive?,¿qué preferirías recibir?,specific praise,elogios específicos,specific instructions,indicaciones específicas,flirt,both,3,communication,TRUE,after_both_answer,18+ mode; explicit consent/boundary framing; skip/lower level always available.,Approved
HT-S-011,Hot,hot,choice,Spicy,what's more appealing?,¿qué te atrae más?,slow anticipation,anticipación lenta,spontaneous intensity,intensidad espontánea,flirt,both,3,pace,TRUE,after_both_answer,18+ mode; explicit consent/boundary framing; skip/lower level always available.,Approved
HT-S-012,Hot,hot,choice,Spicy,which matters more for trying something new?,¿qué importa más al probar algo nuevo?,talking before,hablar antes,checking in during,preguntar durante,flirt,both,3,consent,TRUE,after_both_answer,18+ mode; explicit consent/boundary framing; skip/lower level always available.,Approved
HT-S-013,Hot,hot,choice,Spicy,what would make you feel safer exploring?,¿qué te haría sentir más seguro/a explorando?,agreeing on boundaries first,acordar límites primero,having an easy stop word,tener una palabra fácil para parar,flirt,both,3,boundaries,TRUE,after_both_answer,18+ mode; explicit consent/boundary framing; skip/lower level always available.,Approved
HT-S-014,Hot,hot,choice,Spicy,what would you rather know about the other?,¿qué preferirías saber del otro?,their biggest curiosity,su mayor curiosidad,their strongest boundary,su límite más importante,flirt,both,3,boundaries,TRUE,after_both_answer,18+ mode; explicit consent/boundary framing; skip/lower level always available.,Approved
HT-S-015,Hot,hot,choice,Spicy,what sounds hotter?,¿qué suena más hot?,being surprised within agreed limits,que te sorprendan dentro de límites acordados,planning exactly what you both want,planear justo lo que ambos quieren,flirt,both,3,consent,TRUE,after_both_answer,18+ mode; explicit consent/boundary framing; skip/lower level always available.,Approved
HT-S-016,Hot,hot,choice,Spicy,what's more exciting to initiate?,¿qué emociona más iniciar?,a new idea,una idea nueva,a familiar favorite,algo favorito de siempre,flirt,both,3,sexual_preferences,TRUE,after_both_answer,18+ mode; explicit consent/boundary framing; skip/lower level always available.,Approved
HT-S-017,Hot,hot,choice,Spicy,which kind of feedback do you prefer?,¿qué feedback prefieres?,words,palabras,touch / body language,contacto / lenguaje corporal,flirt,both,3,communication,TRUE,after_both_answer,18+ mode; explicit consent/boundary framing; skip/lower level always available.,Approved
HT-S-018,Hot,hot,choice,Spicy,what would you rather set before starting?,¿qué preferirías acordar antes de empezar?,one hard no,un no absoluto,one thing you'd love to try,algo que te gustaría probar,flirt,both,3,boundaries,TRUE,after_both_answer,18+ mode; explicit consent/boundary framing; skip/lower level always available.,Approved
HT-S-019,Hot,hot,choice,Spicy,which sounds more exciting?,¿qué suena más emocionante?,building tension all day,crear tensión todo el día,spontaneous moment,momento espontáneo,flirt,both,3,anticipation,TRUE,after_both_answer,18+ mode; explicit consent/boundary framing; skip/lower level always available.,Approved
HT-S-020,Hot,hot,choice,Spicy,what would you rather hear in the moment?,¿qué preferirías escuchar en el momento?,tell me more,dime más,is this good?,¿esto te gusta?,flirt,both,3,communication,TRUE,after_both_answer,18+ mode; explicit consent/boundary framing; skip/lower level always available.,Approved
HT-S-021,Hot,hot,choice,Spicy,what matters more afterward?,¿qué importa más después?,affection,cariño,talking about it,hablar de cómo estuvo,flirt,both,3,aftercare,TRUE,after_both_answer,18+ mode; explicit consent/boundary framing; skip/lower level always available.,Approved
HT-S-022,Hot,hot,choice,Spicy,which feels more vulnerable?,¿qué se siente más vulnerable?,saying exactly what you want,decir exactamente qué quieres,saying exactly what you don't want,decir exactamente qué no quieres,flirt,both,3,boundaries,TRUE,after_both_answer,18+ mode; explicit consent/boundary framing; skip/lower level always available.,Approved
HT-S-023,Hot,hot,choice,Spicy,what would you rather explore first?,¿qué preferirías explorar primero?,a fantasy you've talked about,una fantasía que ya hablaron,something neither has tried,algo que ninguno ha probado,flirt,both,3,fantasy,TRUE,after_both_answer,18+ mode; explicit consent/boundary framing; skip/lower level always available.,Approved
HT-S-024,Hot,hot,choice,Spicy,what makes a spicy conversation better?,¿qué mejora una conversación spicy?,being specific,ser específico/a,keeping some mystery,dejar misterio,flirt,apart,3,remote,TRUE,after_both_answer,18+ mode; explicit consent/boundary framing; skip/lower level always available.,Approved
HT-S-025,Hot,hot,choice,Spicy,what would you rather agree on?,¿qué preferirías acordar?,a yes list,lista de sí,a maybe list,lista de quizá,flirt,both,3,consent,TRUE,after_both_answer,18+ mode; explicit consent/boundary framing; skip/lower level always available.,Approved
HT-S-026,Hot,hot,choice,Spicy,"Challenge: Touch me anywhere you want for 20 seconds, but NO kisses allowed yet. Penalty if you slip!",Reto: Tócame donde quieras 20 segundos sin besarme. ¡Si me besas pagas castigo!,Accept 20s challenge,Aceptar reto,Refuse and pay penalty,Pagar penitencia,flirty,same_place,3,touch;control,TRUE,after_both_answer,Guided touch no kiss challenge | Source: Gemini,Approved
HT-S-027,Hot,guess,prediction,Spicy,What pace drives my desire craziest when things get intense?,¿Qué ritmo me vuelve más loco/a cuando las cosas suben de tono?,Slow teasing rhythm that drags it out,Ritmo lento que alarga las ganas,Fast energetic intensity from the start,Intensidad rápida e impulsiva de golpe,flirty,both,3,rhythm;desire,TRUE,after_both_answer,Spicy pace guess | Source: Gemini,Approved
HT-S-028,Hot,hot,choice,Spicy,Penalty Challenge: Fail this prompt and you must obey ONE physical command from the other for 30s.,"Reto o Castigo: Si fallas este reto, debes obedecer UNA orden física del otro por 30s.",Accept command challenge,Aceptar reto,Take penalty command,Pagar castigo,flirty,same_place,3,control;penalty,TRUE,after_both_answer,Physical command penalty | Source: Gemini,Approved
HT-S-029,Hot,hot,choice,Spicy,Truth: Confess the most explicit scenario or fantasy you have ever imagined involving us.,Verdad: Confiesa el escenario o fantasía más explícito que has imaginado con nosotros.,Confess scenario,Confesar escenario,Refuse and pay penalty,Pagar penitencia,cinematic,both,3,fantasies;confession,TRUE,after_both_answer,Explicit scenario truth | Source: Gemini,Approved
HT-S-030,Hot,guess,prediction,Spicy,Which sensory environment heightens my explicit desire most?,¿Qué ambiente sensorial dispara más mi deseo explícito?,Total darkness and complete silence,Oscuridad y silencio total,Heavy music beat with dim red lighting,Música y luz roja tenue,cinematic,both,3,senses;environment,TRUE,after_both_answer,Explicit sensory environment guess | Source: Gemini,Approved
HT-S-031,Hot,hot,choice,Spicy,60-Second Challenge: Set a timer. Touch my neck and shoulders without letting our lips touch ONCE.,Reto 60 Segundos: Pon temporizador. Toca mi cuello y hombros sin juntar labios ni una vez.,Accept 60s challenge,Aceptar reto,Fail and pay penalty,Pagar penitencia,flirty,same_place,3,control;tension,TRUE,after_both_answer,60s tension challenge | Source: Gemini,Approved
HT-S-032,Hot,hot,choice,Spicy,"Mini Challenge: Give me a deep, unfiltered 15-second kiss with complete intensity.",Mini Reto: Dame un beso profundo de 15 segundos con intensidad total.,Do deep kiss,Aceptar reto,Pass and take penalty,Pagar castigo,flirty,same_place,3,kisses;intensity,TRUE,after_both_answer,Focused deep kiss challenge | Source: Gemini,Approved
HT-S-033,Hot,guess,prediction,Spicy,What type of explicit feedback do I prefer during an intimate moment?,¿Qué tipo de respuesta me gusta más recibir en momentos íntimos?,Direct unfiltered spoken words,Palabras claras y explícitas,Unfiltered loud physical reactions,Reacciones físicas puras,clever,both,3,communication;feedback,TRUE,after_both_answer,Explicit feedback guess | Source: Gemini,Approved
HT-S-034,Hot,hot,choice,Spicy,Blindfold Challenge: Close your eyes or cover them for 20s while the other chooses where to kiss you.,Reto a Ciegas: Cierra los ojos 20s mientras el otro elige dónde darte un beso.,Accept blindfold,Aceptar reto,Pass turn,Pasar turno,flirty,same_place,3,blindfold;kisses,TRUE,after_both_answer,Blindfold kiss challenge | Source: Gemini,Approved
HT-S-035,Hot,hot,choice,Spicy,Truth: Confess one specific technique or physical touch that turns you on instantly.,Verdad: Confiesa una técnica o contacto físico específico que te prenda al instante.,Confess technique,Confesar técnica,Refuse and pay penalty,Pagar castigo,flirty,both,3,desire;technique,TRUE,after_both_answer,Explicit technique truth | Source: Gemini,Approved
HT-S-036,Hot,guess,prediction,Spicy,Which intensity curve matches my ideal climax rhythm?,¿Qué curva de intensidad define mejor mi ritmo ideal?,Building step-by-step slowly,Ir construyendo paso a paso,High energy burst right from the start,Intensidad de golpe desde el inicio,flirty,both,3,rhythm;climax,TRUE,after_both_answer,Climax rhythm curve guess | Source: Gemini,Approved
HT-S-037,Hot,hot,choice,Spicy,Challenge: Whisper your most explicit desire for tonight in under 3 words directly in my ear.,Reto: Susúrrame tu deseo más explícito para hoy en menos de 3 palabras al oído.,Whisper now,Susurrar ahora,Pass and take penalty,Pagar penitencia,flirty,same_place,3,whisper;explicit,TRUE,after_both_answer,Explicit 3 word whisper | Source: Gemini,Approved
HT-S-038,Hot,guess,prediction,Spicy,What gets me more excited: clear verbal dirty talk or intense physical action?,¿Qué me prende más: palabras explícitas al oído o acción física directa?,Verbal dirty talk before,Palabras explícitas antes,Sudden intense action,Acción física directa,clever,both,3,verbal;action,TRUE,after_both_answer,Dirty talk vs action guess | Source: Gemini,Approved
HT-S-039,Hot,hot,choice,Spicy,Control Challenge: Let the other person hold both your wrists for 15 seconds while kissing your neck.,Reto de Control: Deja que el otro sostenga tus muñecas 15s mientras besa tu cuello.,Accept wrist hold,Aceptar reto,Pass and take penalty,Pagar castigo,flirty,same_place,3,control;dominance,TRUE,after_both_answer,Wrist hold neck kiss challenge | Source: Gemini,Approved
HT-S-040,Hot,guess,prediction,Spicy,What turns me on more: taking complete physical control or surrendering it entirely?,¿Qué me atrae más: tomar el control físico total o cederlo por completo?,Taking complete control,Tomar el control total,Surrendering control entirely,Ceder el control por completo,flirty,both,3,roles;dominance,TRUE,after_both_answer,Dominance vs surrender guess | Source: Gemini,Approved
HT-S-041,Hot,hot,choice,Spicy,Dilemma: Absolute quiet in pitch darkness OR high energy music with dim red lighting?,Dilema: ¿Silencio absoluto en oscuridad total O música con luz roja tenue?,Quiet darkness,Silencio y oscuridad,Music with red light,Música y luz roja,flirty,both,3,setting;senses,TRUE,after_both_answer,Sensory environment dilemma | Source: Gemini,Approved
HT-S-042,Hot,guess,prediction,Spicy,Which touch dynamic excites my curiosity most during explicit play?,¿Qué dinámica al tacto despierta más mi curiosidad en lo íntimo?,Firm guidance and strong hold,Firmeza y sujeción clara,Soft teasing that barely touches skin,Rozar suave sin afianzar,cinematic,both,3,touch;curiosity,TRUE,after_both_answer,Teasing vs firm touch guess | Source: Gemini,Approved
HT-S-043,Hot,hot,choice,Spicy,Mini Challenge: Hold a lingering neck kiss for 10 full seconds without stopping.,Mini Reto: Mantén un beso sostenido en el cuello durante 10 segundos enteros.,Accept challenge,Aceptar reto,Pass and pay penalty,Pagar castigo,flirty,same_place,3,kisses;duration,TRUE,after_both_answer,10s neck kiss challenge | Source: Gemini,Approved
HT-S-044,Hot,hot,choice,Spicy,Truth: What is one secret preference or role you have never admitted wanting to try?,Verdad: ¿Qué gusto o rol secreto no has admitido nunca querer probar?,Confess secret,Confesar secreto,Refuse and pay penalty,Pagar castigo,cinematic,both,3,fantasies;roles,TRUE,after_both_answer,Secret role truth | Source: Gemini,Approved
HT-S-045,Hot,guess,prediction,Spicy,How do I prefer to structure an intense night together?,¿Cómo prefiero estructurar una noche de mucha intensidad?,Long slow pre-game teasing,Preámbulo largo y pausado,Direct intense passion right away,Pasión directa de una,warm,both,3,structure;pacing,TRUE,after_both_answer,Night structure guess | Source: Gemini,Approved
HT-S-046,Hot,hot,choice,Spicy,Challenge: Guide the other person's hands directly under your shirt for 15 seconds.,Reto: Acomoda las manos de la otra persona debajo de tu playera por 15 segundos.,Do challenge,Aceptar reto,Pass and take penalty,Pagar castigo,flirty,same_place,3,touch;under_clothing,TRUE,after_both_answer,Under shirt hand guide challenge | Source: Gemini,Approved
HT-S-047,Hot,guess,prediction,Spicy,What kind of aftermath vibe do I prefer immediately after an intense encounter?,¿Qué vibra prefiero inmediatamente después de un encuentro muy intenso?,Lying close in complete quiet,Acostados en silencio,Talking lazily and laughing,Platicar relajados y reír,warm,both,3,aftermath;comfort,TRUE,after_both_answer,Aftermath vibe guess | Source: Gemini,Approved
HT-S-048,Hot,hot,choice,Spicy,Truth: What physical boundary or safe-word rule makes you feel 100% comfortable exploring?,Verdad: ¿Qué regla o palabra de seguridad te hace sentir 100% en confianza para explorar?,Share rule,Compartir regla,Skip prompt,Saltar prompt,warm,both,3,boundaries;safety,TRUE,after_both_answer,Safeword boundary truth | Source: Gemini,Approved
HT-S-049,Hot,guess,prediction,Spicy,How do I prefer to start when we both agree on Spicy mode?,¿Cómo prefiero arrancar cuando ambos aceptamos entrar en modo Spicy?,Soft slow teasing first,Coqueteo suave y lento,Direct passion right away,Pasión directa de una,flirty,both,3,start;intensity,TRUE,after_both_answer,Spicy start style guess | Source: Gemini,Approved
HT-S-050,Hot,hot,choice,Spicy,"Challenge: Give a gentle 5-second bite on my shoulder, collarbone, or earlobe.","Reto: Un mordisco suave de 5 segundos en mi hombro, clavícula o lóbulo.",Do bite challenge,Aceptar reto,Pass and take penalty,Pagar castigo,flirty,same_place,3,touch;bite,TRUE,after_both_answer,Gentle bite challenge | Source: Gemini,Approved
HT-S-051,Hot,guess,prediction,Spicy,Which aspect of anticipation gets my desire highest?,¿Qué aspecto de la espera aumenta más mi deseo?,Exchanging explicit texts before,Intercambiar textos directos antes,Knowing the exact moment we will be alone,Saber el momento exacto a solas,clever,both,3,anticipation;explicit,TRUE,after_both_answer,Explicit anticipation guess | Source: Gemini,Approved
HT-S-052,Hot,hot,choice,Spicy,Truth: What is one physical compliment you have NEVER told me out loud?,Verdad: ¿Qué cumplido físico explícito NUNCA me has dicho en voz alta?,Share compliment,Decir cumplido,Pass and pay penalty,Pagar castigo,cute,both,3,compliments;explicit,TRUE,after_both_answer,Unspoken explicit compliment | Source: Gemini,Approved
HT-S-053,Hot,guess,prediction,Spicy,What touch motion sends the most immediate signal to my brain?,¿Qué movimiento al tocarte manda la señal más clara a mi cerebro?,Fingers locked tightly together,Dedos entrelazados con fuerza,Hands resting firmly on hips,Manos firmes en la cadera,warm,both,3,touch;signals,TRUE,after_both_answer,Signal touch motion guess | Source: Gemini,Approved
HT-S-054,Hot,hot,choice,Spicy,Mini Challenge: Trace a path with your lips on my neck without actually touching with a kiss.,Mini Reto: Pasa tus labios rozando mi cuello sin llegar a besar.,Accept challenge,Aceptar reto,Pass and take penalty,Pagar castigo,flirty,same_place,3,touch;teasing,TRUE,after_both_answer,Lip hover neck challenge | Source: Gemini,Approved
HT-S-055,Hot,guess,prediction,Spicy,What atmosphere allows me to let go completely during intimacy?,¿Qué ambiente me permite soltarme al 100% en la intimidad?,Knowing we have zero rush or time limit,Saber que no hay prisa alguna,High electric chemistry and mood,Una química eléctrica altísima,cinematic,both,3,atmosphere;freedom,TRUE,after_both_answer,Letting go atmosphere guess | Source: Gemini,Approved
HT-S-056,Hot,hot,choice,Spicy,Truth: What is your absolute favorite physical moment during an encounter?,Verdad: ¿Cuál es tu momento físico favorito definitivo durante un encuentro?,Share moment,Compartir momento,Keep private,Guardar en privado,warm,both,3,preferences;explicit,TRUE,after_both_answer,Favorite physical moment truth | Source: Gemini,Approved
HT-S-057,Hot,guess,prediction,Spicy,Which physical pressure style do I prefer during a close embrace?,¿Qué tipo de firmeza prefiero durante un abrazo cercano?,Firm tight hold,Firmeza y sujeción clara,Soft flexible touch,Toque suave y flexible,warm,both,3,pressure;touch,TRUE,after_both_answer,Physical pressure guess | Source: Gemini,Approved
HT-S-058,Hot,hot,choice,Spicy,"Challenge: Give a slow 20-second hug resting your chin on my shoulder, hands on lower back.","Reto: Abraza al otro 20s recargando la barbilla, manos en la espalda baja.",Do hug challenge,Hacer reto,Pass,Pasar,warm,same_place,3,hugs;closeness,TRUE,after_both_answer,20s tight hug challenge | Source: Gemini,Approved
HT-S-059,Hot,guess,prediction,Spicy,How would I rate our overall intimate compatibility right now?,¿Cómo calificaría nuestra conexión e intimidad en este momento?,Off the charts electric,Eléctrica y fuera de serie,Deep warm and growing,"Profunda, sólida y en crecimiento",cinematic,both,3,compatibility;intimacy,TRUE,after_both_answer,Overall compatibility guess | Source: Gemini,Approved
HT-S-060,Hot,hot,choice,Spicy,Command Penalty: The loser of this round must let the winner whisper ONE secret wish in their ear.,Penitencia: El perdedor de esta ronda debe dejar que el ganador le susurre UN deseo secreto.,Accept penalty,Aceptar penitencia,Pass turn,Pasar turno,flirty,same_place,3,whisper;penalty,TRUE,after_both_answer,Whisper wish penalty | Source: Gemini,Approved
HT-S-061,Hot,guess,prediction,Spicy,What is my stance on trying new physical positions or locations?,¿Cuál es mi postura sobre probar nuevas posiciones o lugares?,Super adventurous and eager,Súper aventurero/a y dispuesto/a,Cautious and selective,Precavido/a y selectivo/a,clever,both,3,positions;adventure,TRUE,after_both_answer,Positions adventure guess | Source: Gemini,Approved
HT-S-062,Hot,hot,choice,Spicy,Truth: What is one thing you find irresistibly attractive when we are undressing?,Verdad: ¿Qué detalle se te hace irresistiblemente atractivo cuando nos desvestimos?,Confess truth,Confesar verdad,Pass and take penalty,Pagar castigo,flirty,both,3,undressing;attraction,TRUE,after_both_answer,Undressing detail truth | Source: Gemini,Approved
HT-S-063,Hot,guess,prediction,Spicy,Which verbal tone gets me more disarmed in the heat of the moment?,¿Qué tono de voz me desarma más en medio de la intensidad?,Low quiet whisper,Susurro grave y bajito,Direct assertive command,Orden clara y directa,cinematic,both,3,tone;disarm,TRUE,after_both_answer,Disarming tone guess | Source: Gemini,Approved
HT-S-064,Hot,hot,choice,Spicy,Challenge: Place a slow 10-second kiss on my lower back or hip bone.,Reto: Da un beso lento de 10 segundos en mi espalda baja o cadera.,Do kiss challenge,Hacer reto,Pass and pay penalty,Pagar castigo,flirty,same_place,3,kisses;targeted,TRUE,after_both_answer,Lower back hip kiss challenge | Source: Gemini,Approved
HT-S-065,Hot,guess,prediction,Spicy,What explicit dynamic makes me feel most connected to you?,¿Qué dinámica explícita me hace sentir más conectado/a contigo?,Unbroken intense eye contact throughout,Contacto visual fijo durante todo el momento,Complete physical surrender to the rhythm,Entrega física total al ritmo,warm,both,3,connection;explicit,TRUE,after_both_answer,Explicit connection guess | Source: Gemini,Approved
HT-S-066,Hot,hot,choice,Spicy,Truth: What is one secret boundary or desire you've been hesitant to mention?,Verdad: ¿Qué límite o deseo secreto te daba pena mencionar hasta hoy?,Confess truth,Confesar verdad,Pass and take penalty,Pagar castigo,clever,both,3,desire;hesitation,TRUE,after_both_answer,Hesitant desire truth | Source: Gemini,Approved
HT-S-067,Hot,guess,prediction,Spicy,How do I show that I want to slow down the pace without stopping?,¿Cómo demuestro que quiero bajar la velocidad sin detener el momento?,Soft verbal cues,Indicaciones suaves con la voz,Holding your hands in place,Sostener tus manos fijas,warm,both,3,pace;signals,TRUE,after_both_answer,Slow down signal guess | Source: Gemini,Approved
HT-S-068,Hot,hot,choice,Spicy,Challenge: Hold my waist tightly with both hands and stare into my eyes for 15s without blinking.,Reto: Toma mi cintura con fuerza con ambas manos y mírame fijo 15s sin parpadear.,Accept challenge,Aceptar reto,Pass and take penalty,Pagar castigo,flirty,same_place,3,gaze;hold,TRUE,after_both_answer,Waist hold staring challenge | Source: Gemini,Approved
HT-S-069,Hot,guess,prediction,Spicy,What kind of physical touch leaves me thinking about it the next day?,¿Qué tipo de contacto físico me deja pensando en él al día siguiente?,An intense slow kiss,Un beso lento e intenso,A sudden bold touch in private,Un contacto atrevido a solas,cinematic,both,3,memory;touch,TRUE,after_both_answer,Next day touch memory guess | Source: Gemini,Approved
HT-S-070,Hot,hot,choice,Spicy,"Penalty Challenge: If you lose this round, you must give the winner a 30-second neck massage.","Penitencia: Si pierdes esta ronda, debes darle un masaje de 30s en el cuello al ganador.",Accept penalty,Aceptar penitencia,Pass,Pasar,warm,same_place,3,massage;penalty,TRUE,after_both_answer,Neck massage penalty | Source: Gemini,Approved
HT-S-071,Hot,guess,prediction,Spicy,What explicit detail turns me on most during a private moment?,¿Qué detalle explícito me prende más durante un momento a solas?,Hearing your breath change,Escuchar cómo cambia tu respiración,Feeling your hands hold tight,Sentir la firmeza de tus manos,cinematic,both,3,senses;explicit,TRUE,after_both_answer,Explicit detail guess | Source: Gemini,Approved
HT-S-072,Hot,hot,choice,Spicy,Truth: Confess one thing you want to try next time we have full privacy.,Verdad: Confiesa una cosa que quieras intentar la próxima vez a solas.,Confess truth,Confesar verdad,Pass and take penalty,Pagar castigo,flirty,both,3,fantasies;future,TRUE,after_both_answer,Next time fantasy truth | Source: Gemini,Approved
HT-S-073,Hot,guess,prediction,Spicy,How do I react if you take total charge and tell me exactly what to do?,¿Cómo reacciono si tomas el control total y me dices qué hacer?,Follow along eagerly,Sigo las indicaciones encantado/a,Challenge you playfully first,Te retó un poco jugando antes,flirty,both,3,control;reactions,TRUE,after_both_answer,Dominance reaction guess | Source: Gemini,Approved
HT-S-074,Hot,hot,choice,Spicy,Challenge: Give a slow kiss on my collarbone while holding both my hands.,Reto: Da un beso lento en mi clavícula mientras sostienes mis dos manos.,Accept challenge,Aceptar reto,Pass and take penalty,Pagar castigo,flirty,same_place,3,kisses;collarbone,TRUE,after_both_answer,Collarbone kiss hold challenge | Source: Gemini,Approved
HT-S-075,Hot,guess,prediction,Spicy,What is my final verdict on our current physical chemistry tonight?,¿Cuál es mi veredicto final sobre nuestra química física hoy?,100% explosive electric,100% explosiva y eléctrica,Deep warm magnetic,"Profunda, cálida y magnética",cinematic,both,3,chemistry;verdict,TRUE,after_both_answer,Final chemistry verdict guess | Source: Gemini,Approved